F,J,JF,delta_OFF,delta_fixed,harmful_loss,method,n_pairs,positive_gain,resolution,sequence,split,weighted_net_contribution,write_rate
0.49715029894594626,0.4262882743581704,0.4617192866520583,0.0015604713751059818,0.0,0.0,CycleGate,2,0.0015604713751059818,448,bmx-bumps,discovery,0.00013003928125883182,1.0
0.6461158658413401,0.79862945517296,0.7223726605071501,0.001990824056326168,1.7370620775114531e-07,0.0,CycleGate,2,0.001990824056326168,448,cat-girl,discovery,0.00016590200469384733,1.0
0.3518442148662582,0.40871286276468405,0.38027853881547113,-0.0006821725603543549,-0.0024354838469778928,0.003710641076516058,CycleGate,2,0.003028468516161703,448,classic-car,discovery,-5.684771336286291e-05,1.0
0.47693794240160303,0.6032879110784265,0.5401129267400149,0.007930449294935804,-0.00029069822633864817,0.0,CycleGate,2,0.007930449294935804,448,color-run,discovery,0.0006608707745779837,1.0
0.5480540243892502,0.5106510693373753,0.5293525468633128,0.0035074295250620557,0.0007222517570876219,0.0027074662461310517,CycleGate,2,0.006214895771193107,448,dancing,discovery,0.00029228579375517133,1.0
0.2736543131198056,0.27360109643469427,0.27362770477724996,0.0070429113929333514,0.0,0.0,CycleGate,2,0.0070429113929333514,448,drone,discovery,0.000586909282744446,1.0
0.3649652997231603,0.26949415090475715,0.31722972531395865,6.35989787365343e-05,0.00027416472782959556,0.0012978574359158723,CycleGate,2,0.0013614564146524066,448,lindy-hop,discovery,5.2999148947111925e-06,1.0
0.6444135981658066,0.7038696323199249,0.6741416152428658,0.002245851943127597,0.0,0.0,CycleGate,2,0.002245851943127597,448,lucia,discovery,0.0001871543285939664,1.0
0.34543559293433,0.30001317915279113,0.3227243860435606,0.0048422988742735235,-0.009734998013342488,0.0,CycleGate,2,0.0048422988742735235,448,motocross-bumps,discovery,0.00040352490618946027,1.0
0.561642234568428,0.4609651515643358,0.5113036930663819,0.0,0.0,0.0,CycleGate,2,0.0,448,paragliding,discovery,0.0,1.0
0.3704394011804185,0.25635575752429796,0.3133975793523582,0.0,0.0,0.0,CycleGate,2,0.0,448,sheep,discovery,0.0,0.0
0.4198933114977786,0.29323456046145396,0.3565639359796162,-0.0005423604283726347,-0.0005423604283726347,0.0005423604283726347,CycleGate,2,0.0,448,tractor-sand,discovery,-4.519670236438622e-05,1.0
0.49715029894594626,0.4262882743581704,0.4617192866520583,0.0015604713751059818,0.0,0.0,GateOnly,2,0.0015604713751059818,448,bmx-bumps,discovery,0.00013003928125883182,1.0
0.6446841570004529,0.7978337222480643,0.7212589396242586,0.0011950911314304036,-0.0007955592186880134,0.0,GateOnly,2,0.0011950911314304036,448,cat-girl,discovery,9.95909276192003e-05,1.0
0.35521704043371927,0.40927490609799966,0.3822459732658595,-0.00012012922703874551,-0.0018734405136622834,0.003710641076516058,GateOnly,2,0.0035905118494773125,448,classic-car,discovery,-1.001076891989546e-05,1.0
0.4806018993753528,0.6073915047262084,0.5439967020507805,0.012034042942717649,0.0038128954214431965,0.0,GateOnly,2,0.012034042942717649,448,color-run,discovery,0.0010028369118931374,1.0
0.5480540243892502,0.5106510693373753,0.5293525468633128,0.0035074295250620557,0.0007222517570876219,0.0027074662461310517,GateOnly,2,0.006214895771193107,448,dancing,discovery,0.00029228579375517133,1.0
0.2736543131198056,0.27360109643469427,0.27362770477724996,0.0070429113929333514,0.0,0.0,GateOnly,2,0.0070429113929333514,448,drone,discovery,0.000586909282744446,1.0
0.3649652997231603,0.26949415090475715,0.31722972531395865,6.35989787365343e-05,0.00027416472782959556,0.0012978574359158723,GateOnly,2,0.0013614564146524066,448,lindy-hop,discovery,5.2999148947111925e-06,1.0
0.6444135981658066,0.7038696323199249,0.6741416152428658,0.002245851943127597,0.0,0.0,GateOnly,2,0.002245851943127597,448,lucia,discovery,0.0001871543285939664,1.0
0.34543559293433,0.30001317915279113,0.3227243860435606,0.0048422988742735235,-0.009734998013342488,0.0,GateOnly,2,0.0048422988742735235,448,motocross-bumps,discovery,0.00040352490618946027,1.0
0.561642234568428,0.4609651515643358,0.5113036930663819,0.0,0.0,0.0,GateOnly,2,0.0,448,paragliding,discovery,0.0,1.0
0.3704394011804185,0.25635575752429796,0.3133975793523582,0.0,0.0,0.0,GateOnly,2,0.0,448,sheep,discovery,0.0,0.0
0.4198933114977786,0.29323456046145396,0.3565639359796162,-0.0005423604283726347,-0.0005423604283726347,0.0005423604283726347,GateOnly,2,0.0,448,tractor-sand,discovery,-4.519670236438622e-05,1.0
0.47817973269927927,0.4247278029830644,0.4514537678411718,0.0,-0.0015604713751059818,0.0,OFF,2,0.0,448,bmx-bumps,discovery,0.0,0.0
0.6408458880383263,0.7966386311166338,0.7187422595774802,0.0,-0.001990650350118417,0.0,OFF,2,0.0,448,cat-girl,discovery,0.0,0.0
0.3470482677753889,0.4093950353250384,0.37822165155021364,0.0,-0.0017533112866235379,0.0,OFF,2,0.0,448,classic-car,discovery,0.0,0.0
0.47049986894591755,0.5953574617834907,0.5329286653647041,0.0,-0.008221147521274452,0.0,OFF,2,0.0,448,color-run,discovery,0.0,0.0
0.5397206214475962,0.5071436398123131,0.5234321306299548,0.0,-0.002785177767974434,0.0,OFF,2,0.0,448,dancing,discovery,0.0,0.0
0.264733926178885,0.26655818504176093,0.265646055610323,0.0,-0.0070429113929333514,0.0,OFF,2,0.0,448,drone,discovery,0.0,0.0
0.3666772846434426,0.2694305519260206,0.3180539182847317,0.0,0.00021056574909306125,0.0,OFF,2,0.0,448,lindy-hop,discovery,0.0,0.0
0.6432388435490546,0.7016237803767973,0.672431311962926,0.0,-0.002245851943127597,0.0,OFF,2,0.0,448,lucia,discovery,0.0,0.0
0.34437920386739557,0.2951708802785176,0.3197750420729566,0.0,-0.014577296887616012,0.0,OFF,2,0.0,448,motocross-bumps,discovery,0.0,0.0
0.561642234568428,0.4609651515643358,0.5113036930663819,0.0,0.0,0.0,OFF,2,0.0,448,paragliding,discovery,0.0,0.0
0.3704394011804185,0.25635575752429796,0.3133975793523582,0.0,0.0,0.0,OFF,2,0.0,448,sheep,discovery,0.0,0.0
0.420390070853353,0.2937769208898266,0.3570834958715898,0.0,0.0,0.0,OFF,2,0.0,448,tractor-sand,discovery,0.0,0.0
0.49715029894594626,0.4262882743581704,0.4617192866520583,0.0015604713751059818,0.0,0.0,discovery_fixed16,2,0.0015604713751059818,448,bmx-bumps,discovery,0.00013003928125883182,1.0
0.6499389373436353,0.7986292814667523,0.7242841094051938,0.001990650350118417,0.0,0.0,discovery_fixed16,2,0.001990650350118417,448,cat-girl,discovery,0.00016588752917653474,1.0
0.35458045504145963,0.41114834661166194,0.38286440082656076,0.0017533112866235379,0.0,0.003711198917381725,discovery_fixed16,2,0.005464510204005263,448,classic-car,discovery,0.00014610927388529482,1.0
0.4766407981580352,0.6035786093047651,0.5401097037314002,0.008221147521274452,0.0,0.0,discovery_fixed16,2,0.008221147521274452,448,color-run,discovery,0.0006850956267728711,1.0
0.5403153482339128,0.5099288175802876,0.5251220829071002,0.002785177767974434,0.0,0.0013870176541798118,discovery_fixed16,2,0.004172195422154246,448,dancing,discovery,0.00023209814733120282,1.0
0.2736543131198056,0.27360109643469427,0.27362770477724996,0.0070429113929333514,0.0,0.0,discovery_fixed16,2,0.0070429113929333514,448,drone,discovery,0.000586909282744446,1.0
0.36459085466211894,0.26921998617692755,0.3169054204195233,-0.00021056574909306125,0.0,0.0016060447306446013,discovery_fixed16,2,0.00139547898155154,448,lindy-hop,discovery,-1.7547145757755105e-05,1.0
0.6444135981658066,0.7038696323199249,0.6741416152428658,0.002245851943127597,0.0,0.0,discovery_fixed16,2,0.002245851943127597,448,lucia,discovery,0.0001871543285939664,1.0
0.3544695151285452,0.3097481771661336,0.33210884614733943,0.014577296887616012,0.0,0.0,discovery_fixed16,2,0.014577296887616012,448,motocross-bumps,discovery,0.0012147747406346676,1.0
0.561642234568428,0.4609651515643358,0.5113036930663819,0.0,0.0,0.0,discovery_fixed16,2,0.0,448,paragliding,discovery,0.0,1.0
0.3704394011804185,0.25635575752429796,0.3133975793523582,0.0,0.0,0.0,discovery_fixed16,2,0.0,448,sheep,discovery,0.0,1.0
0.420390070853353,0.2937769208898266,0.3570834958715898,0.0,0.0,0.0,discovery_fixed16,2,0.0,448,tractor-sand,discovery,0.0,1.0
0.49715029894594626,0.4262882743581704,0.4617192866520583,0.0015604713751059818,0.0,0.0,v1_rgb_selector,2,0.0015604713751059818,448,bmx-bumps,discovery,0.00013003928125883182,1.0
0.6446841570004529,0.7978337222480643,0.7212589396242586,0.0011950911314304036,-0.0007955592186880134,0.0,v1_rgb_selector,2,0.0011950911314304036,448,cat-girl,discovery,9.95909276192003e-05,1.0
0.354436590671509,0.41298554717451574,0.38371106892301243,0.0035905118494773125,0.0018372005628537746,0.0,v1_rgb_selector,2,0.0035905118494773125,448,classic-car,discovery,0.000299209320789776,0.5
0.47696097062167386,0.6040315875092009,0.5404962790654375,0.008674125725710247,0.0004529782044357944,0.0,v1_rgb_selector,2,0.008674125725710247,448,color-run,discovery,0.0007228438104758539,1.0
0.5480540243892502,0.5106510693373753,0.5293525468633128,0.0035074295250620557,0.0007222517570876219,0.0027074662461310517,v1_rgb_selector,2,0.006214895771193107,448,dancing,discovery,0.00029228579375517133,1.0
0.2736543131198056,0.27360109643469427,0.27362770477724996,0.0070429113929333514,0.0,0.0,v1_rgb_selector,2,0.0070429113929333514,448,drone,discovery,0.000586909282744446,1.0
0.36524511447540675,0.26918596361002844,0.3172155390427176,-0.00024458831599219466,-3.402256689913341e-05,0.0016060447306446013,v1_rgb_selector,2,0.0013614564146524066,448,lindy-hop,discovery,-2.038235966601622e-05,1.0
0.6444135981658066,0.7038696323199249,0.6741416152428658,0.002245851943127597,0.0,0.0,v1_rgb_selector,2,0.002245851943127597,448,lucia,discovery,0.0001871543285939664,1.0
0.34543559293433,0.30001317915279113,0.3227243860435606,0.0048422988742735235,-0.009734998013342488,0.0,v1_rgb_selector,2,0.0048422988742735235,448,motocross-bumps,discovery,0.00040352490618946027,1.0
0.561642234568428,0.4609651515643358,0.5113036930663819,0.0,0.0,0.0,v1_rgb_selector,2,0.0,448,paragliding,discovery,0.0,1.0
0.37006446542514115,0.2516827816003433,0.31087362351274217,-0.0046729759239546725,-0.0046729759239546725,0.004757955988143436,v1_rgb_selector,2,8.49800641887638e-05,448,sheep,discovery,-0.00038941466032955604,1.0
0.41670253825043413,0.29014156271904795,0.35342205048474107,-0.0036353581707786187,-0.0036353581707786187,0.0036353581707786187,v1_rgb_selector,2,0.0,448,tractor-sand,discovery,-0.00030294651423155156,1.0
0.49715029894594626,0.4262882743581704,0.4617192866520583,0.0015604713751059818,0.0,0.0,v1_visible_selector,2,0.0015604713751059818,448,bmx-bumps,discovery,0.00013003928125883182,1.0
0.6446841570004529,0.7978337222480643,0.7212589396242586,0.0011950911314304036,-0.0007955592186880134,0.0,v1_visible_selector,2,0.0011950911314304036,448,cat-girl,discovery,9.95909276192003e-05,1.0
0.35521704043371927,0.40927490609799966,0.3822459732658595,-0.00012012922703874551,-0.0018734405136622834,0.003710641076516058,v1_visible_selector,2,0.0035905118494773125,448,classic-car,discovery,-1.001076891989546e-05,1.0
0.4806018993753528,0.6073915047262084,0.5439967020507805,0.012034042942717649,0.0038128954214431965,0.0,v1_visible_selector,2,0.012034042942717649,448,color-run,discovery,0.0010028369118931374,1.0
0.5480540243892502,0.5106510693373753,0.5293525468633128,0.0035074295250620557,0.0007222517570876219,0.0027074662461310517,v1_visible_selector,2,0.006214895771193107,448,dancing,discovery,0.00029228579375517133,1.0
0.2736543131198056,0.27360109643469427,0.27362770477724996,0.0070429113929333514,0.0,0.0,v1_visible_selector,2,0.0070429113929333514,448,drone,discovery,0.000586909282744446,1.0
0.3649652997231603,0.26949415090475715,0.31722972531395865,6.35989787365343e-05,0.00027416472782959556,0.0012978574359158723,v1_visible_selector,2,0.0013614564146524066,448,lindy-hop,discovery,5.2999148947111925e-06,1.0
0.6444135981658066,0.7038696323199249,0.6741416152428658,0.002245851943127597,0.0,0.0,v1_visible_selector,2,0.002245851943127597,448,lucia,discovery,0.0001871543285939664,1.0
0.34543559293433,0.30001317915279113,0.3227243860435606,0.0048422988742735235,-0.009734998013342488,0.0,v1_visible_selector,2,0.0048422988742735235,448,motocross-bumps,discovery,0.00040352490618946027,1.0
0.561642234568428,0.4609651515643358,0.5113036930663819,0.0,0.0,0.0,v1_visible_selector,2,0.0,448,paragliding,discovery,0.0,1.0
0.3704394011804185,0.25635575752429796,0.3133975793523582,0.0,0.0,0.0,v1_visible_selector,2,0.0,448,sheep,discovery,0.0,0.0
0.4198933114977786,0.29323456046145396,0.3565639359796162,-0.0005423604283726347,-0.0005423604283726347,0.0005423604283726347,v1_visible_selector,2,0.0,448,tractor-sand,discovery,-4.519670236438622e-05,1.0
0.49715029894594626,0.4262882743581704,0.4617192866520583,0.0015604713751059818,0.0,0.0,CycleGate_outer_OOF_before_fallback,2,0.0015604713751059818,448,bmx-bumps,discovery,0.00013003928125883182,1.0
0.6461158658413401,0.79862945517296,0.7223726605071501,0.001990824056326168,1.7370620775114531e-07,0.0,CycleGate_outer_OOF_before_fallback,2,0.001990824056326168,448,cat-girl,discovery,0.00016590200469384733,1.0
0.3518442148662582,0.40871286276468405,0.38027853881547113,-0.0006821725603543549,-0.0024354838469778928,0.003710641076516058,CycleGate_outer_OOF_before_fallback,2,0.003028468516161703,448,classic-car,discovery,-5.684771336286291e-05,1.0
0.47052570375083896,0.5964637982566835,0.5334947510037612,0.0011063364731927483,-0.007114811048081704,0.0,CycleGate_outer_OOF_before_fallback,2,0.0011063364731927483,448,color-run,discovery,9.219470609939569e-05,0.5
0.5480540243892502,0.5106510693373753,0.5293525468633128,0.0035074295250620557,0.0007222517570876219,0.0027074662461310517,CycleGate_outer_OOF_before_fallback,2,0.006214895771193107,448,dancing,discovery,0.00029228579375517133,1.0
0.2736543131198056,0.27360109643469427,0.27362770477724996,0.0070429113929333514,0.0,0.0,CycleGate_outer_OOF_before_fallback,2,0.0070429113929333514,448,drone,discovery,0.000586909282744446,1.0
0.3640428857621865,0.2681326944901048,0.31608779012614563,-0.0012978574359158723,-0.001087291686822811,0.0012978574359158723,CycleGate_outer_OOF_before_fallback,2,0.0,448,lindy-hop,discovery,-0.0001081547863263227,0.5
0.6444135981658066,0.7038696323199249,0.6741416152428658,0.002245851943127597,0.0,0.0,CycleGate_outer_OOF_before_fallback,2,0.002245851943127597,448,lucia,discovery,0.0001871543285939664,1.0
0.34437920386739557,0.2951708802785176,0.3197750420729566,0.0,-0.014577296887616012,0.0,CycleGate_outer_OOF_before_fallback,2,0.0,448,motocross-bumps,discovery,0.0,0.0
0.561642234568428,0.4609651515643358,0.5113036930663819,0.0,0.0,0.0,CycleGate_outer_OOF_before_fallback,2,0.0,448,paragliding,discovery,0.0,1.0
0.3704394011804185,0.25635575752429796,0.3133975793523582,0.0,0.0,0.0,CycleGate_outer_OOF_before_fallback,2,0.0,448,sheep,discovery,0.0,0.0
0.4198933114977786,0.29323456046145396,0.3565639359796162,-0.0005423604283726347,-0.0005423604283726347,0.0005423604283726347,CycleGate_outer_OOF_before_fallback,2,0.0,448,tractor-sand,discovery,-4.519670236438622e-05,1.0
0.49715029894594626,0.4262882743581704,0.4617192866520583,0.0015604713751059818,0.0,0.0,GateOnly_outer_OOF_before_fallback,2,0.0015604713751059818,448,bmx-bumps,discovery,0.00013003928125883182,1.0
0.6446841570004529,0.7978337222480643,0.7212589396242586,0.0011950911314304036,-0.0007955592186880134,0.0,GateOnly_outer_OOF_before_fallback,2,0.0011950911314304036,448,cat-girl,discovery,9.95909276192003e-05,1.0
0.35521704043371927,0.40927490609799966,0.3822459732658595,-0.00012012922703874551,-0.0018734405136622834,0.003710641076516058,GateOnly_outer_OOF_before_fallback,2,0.0035905118494773125,448,classic-car,discovery,-1.001076891989546e-05,1.0
0.47049986894591755,0.5953574617834907,0.5329286653647041,0.0,-0.008221147521274452,0.0,GateOnly_outer_OOF_before_fallback,2,0.0,448,color-run,discovery,0.0,0.0
0.5480540243892502,0.5106510693373753,0.5293525468633128,0.0035074295250620557,0.0007222517570876219,0.0027074662461310517,GateOnly_outer_OOF_before_fallback,2,0.006214895771193107,448,dancing,discovery,0.00029228579375517133,1.0
0.2736543131198056,0.27360109643469427,0.27362770477724996,0.0070429113929333514,0.0,0.0,GateOnly_outer_OOF_before_fallback,2,0.0070429113929333514,448,drone,discovery,0.000586909282744446,1.0
0.3640428857621865,0.2681326944901048,0.31608779012614563,-0.0012978574359158723,-0.001087291686822811,0.0012978574359158723,GateOnly_outer_OOF_before_fallback,2,0.0,448,lindy-hop,discovery,-0.0001081547863263227,0.5
0.6444135981658066,0.7038696323199249,0.6741416152428658,0.002245851943127597,0.0,0.0,GateOnly_outer_OOF_before_fallback,2,0.002245851943127597,448,lucia,discovery,0.0001871543285939664,1.0
0.3448914323312141,0.29545285317530595,0.32017214275326,0.0002819728967883295,-0.014295323990827682,0.0,GateOnly_outer_OOF_before_fallback,2,0.0002819728967883295,448,motocross-bumps,discovery,2.3497741399027456e-05,0.5
0.561642234568428,0.4609651515643358,0.5113036930663819,0.0,0.0,0.0,GateOnly_outer_OOF_before_fallback,2,0.0,448,paragliding,discovery,0.0,1.0
0.3704394011804185,0.25635575752429796,0.3133975793523582,0.0,0.0,0.0,GateOnly_outer_OOF_before_fallback,2,0.0,448,sheep,discovery,0.0,0.0
0.4198933114977786,0.29323456046145396,0.3565639359796162,-0.0005423604283726347,-0.0005423604283726347,0.0005423604283726347,GateOnly_outer_OOF_before_fallback,2,0.0,448,tractor-sand,discovery,-4.519670236438622e-05,1.0
0.49715029894594626,0.4262882743581704,0.4617192866520583,0.0015604713751059818,0.0,0.0,constant_oracle,2,0.0015604713751059818,448,bmx-bumps,discovery,0.00013003928125883182,0.5
0.6489242898069716,0.7997088443040555,0.7243165670555136,0.0030702131874216776,0.0010795628373032606,0.0,constant_oracle,2,0.0030702131874216776,448,cat-girl,discovery,0.00025585109895180647,1.0
0.354436590671509,0.41298554717451574,0.38371106892301243,0.0035905118494773125,0.0018372005628537746,0.0,constant_oracle,2,0.0035905118494773125,448,classic-car,discovery,0.000299209320789776,0.5
0.475952036531776,0.6030660952554071,0.5395090658935916,0.007708633471916415,-0.0005125140493580371,0.0,constant_oracle,2,0.007708633471916415,448,color-run,discovery,0.0006423861226597013,1.0
0.5485789278533167,0.5174011897691748,0.5329900588112458,0.010257549956861622,0.007472372188887189,0.0,constant_oracle,2,0.010257549956861622,448,dancing,discovery,0.0008547958297384686,0.5
0.2736543131198056,0.27360109643469427,0.27362770477724996,0.0070429113929333514,0.0,0.0,constant_oracle,2,0.0070429113929333514,448,drone,discovery,0.000586909282744446,0.5
0.36798021494741096,0.2708556347061595,0.3194179248267852,0.0014250827801388644,0.0016356485292319256,0.0,constant_oracle,2,0.0014250827801388644,448,lindy-hop,discovery,0.00011875689834490537,0.5
0.6444578614810645,0.7038533968362961,0.6741556291586803,0.0022296164594987067,-1.6235483628890268e-05,0.0,constant_oracle,2,0.0022296164594987067,448,lucia,discovery,0.00018580137162489221,0.5
0.34543559293433,0.30001317915279113,0.3227243860435606,0.0048422988742735235,-0.009734998013342488,0.0,constant_oracle,2,0.0048422988742735235,448,motocross-bumps,discovery,0.00040352490618946027,1.0
0.561642234568428,0.4609651515643358,0.5113036930663819,0.0,0.0,0.0,constant_oracle,2,0.0,448,paragliding,discovery,0.0,0.0
0.3704394011804185,0.25766200154209584,0.3140507013612572,0.0013062440177979279,0.0013062440177979279,0.0,constant_oracle,2,0.0013062440177979279,448,sheep,discovery,0.00010885366814982732,0.5
0.420390070853353,0.2937769208898266,0.3570834958715898,0.0,0.0,0.0,constant_oracle,2,0.0,448,tractor-sand,discovery,0.0,0.0
0.49715029894594626,0.4262882743581704,0.4617192866520583,0.0015604713751059818,0.0,0.0,dynamic_oracle,2,0.0015604713751059818,448,bmx-bumps,discovery,0.00013003928125883182,0.5
0.6493913644938774,0.8000722448268269,0.7247318046603521,0.003433613710193073,0.001442963360074656,0.0,dynamic_oracle,2,0.003433613710193073,448,cat-girl,discovery,0.00028613447584942275,1.0
0.3538492095307543,0.4151047989142754,0.38447700422251485,0.005709763589236971,0.0039564523026134335,0.0,dynamic_oracle,2,0.005709763589236971,448,classic-car,discovery,0.0004758136324364143,1.0
0.4808300850796402,0.607848496218032,0.5443392906488361,0.01249103443454136,0.004269886913266907,0.0,dynamic_oracle,2,0.01249103443454136,448,color-run,discovery,0.00104091953621178,1.0
0.5485789278533167,0.5174011897691748,0.5329900588112458,0.010257549956861622,0.007472372188887189,0.0,dynamic_oracle,2,0.010257549956861622,448,dancing,discovery,0.0008547958297384686,0.5
0.2736543131198056,0.27360109643469427,0.27362770477724996,0.0070429113929333514,0.0,0.0,dynamic_oracle,2,0.0070429113929333514,448,drone,discovery,0.000586909282744446,0.5
0.3672774328008188,0.2716077442892715,0.31944258854504515,0.0021771923632508267,0.002387758112343888,0.0,dynamic_oracle,2,0.0021771923632508267,448,lindy-hop,discovery,0.0001814326969375689,1.0
0.6444135981658066,0.7038696323199249,0.6741416152428658,0.002245851943127597,0.0,0.0,dynamic_oracle,2,0.002245851943127597,448,lucia,discovery,0.0001871543285939664,0.5
0.36050524790639144,0.3164788382591597,0.3384920430827756,0.021307957980642084,0.006730661093026072,0.0,dynamic_oracle,2,0.021307957980642084,448,motocross-bumps,discovery,0.001775663165053507,1.0
0.561642234568428,0.4609651515643358,0.5113036930663819,0.0,0.0,0.0,dynamic_oracle,2,0.0,448,paragliding,discovery,0.0,0.0
0.3704394011804185,0.25766200154209584,0.3140507013612572,0.0013062440177979279,0.0013062440177979279,0.0,dynamic_oracle,2,0.0013062440177979279,448,sheep,discovery,0.00010885366814982732,0.5
0.420390070853353,0.2937769208898266,0.3570834958715898,0.0,0.0,0.0,dynamic_oracle,2,0.0,448,tractor-sand,discovery,0.0,0.0
0.49715029894594626,0.4262882743581704,0.4617192866520583,0.0015604713751059818,0.0,0.0,hindsight_global16,2,0.0015604713751059818,448,bmx-bumps,discovery,0.00013003928125883182,1.0
0.6499389373436353,0.7986292814667523,0.7242841094051938,0.001990650350118417,0.0,0.0,hindsight_global16,2,0.001990650350118417,448,cat-girl,discovery,0.00016588752917653474,1.0
0.35458045504145963,0.41114834661166194,0.38286440082656076,0.0017533112866235379,0.0,0.003711198917381725,hindsight_global16,2,0.005464510204005263,448,classic-car,discovery,0.00014610927388529482,1.0
0.4766407981580352,0.6035786093047651,0.5401097037314002,0.008221147521274452,0.0,0.0,hindsight_global16,2,0.008221147521274452,448,color-run,discovery,0.0006850956267728711,1.0
0.5403153482339128,0.5099288175802876,0.5251220829071002,0.002785177767974434,0.0,0.0013870176541798118,hindsight_global16,2,0.004172195422154246,448,dancing,discovery,0.00023209814733120282,1.0
0.2736543131198056,0.27360109643469427,0.27362770477724996,0.0070429113929333514,0.0,0.0,hindsight_global16,2,0.0070429113929333514,448,drone,discovery,0.000586909282744446,1.0
0.36459085466211894,0.26921998617692755,0.3169054204195233,-0.00021056574909306125,0.0,0.0016060447306446013,hindsight_global16,2,0.00139547898155154,448,lindy-hop,discovery,-1.7547145757755105e-05,1.0
0.6444135981658066,0.7038696323199249,0.6741416152428658,0.002245851943127597,0.0,0.0,hindsight_global16,2,0.002245851943127597,448,lucia,discovery,0.0001871543285939664,1.0
0.3544695151285452,0.3097481771661336,0.33210884614733943,0.014577296887616012,0.0,0.0,hindsight_global16,2,0.014577296887616012,448,motocross-bumps,discovery,0.0012147747406346676,1.0
0.561642234568428,0.4609651515643358,0.5113036930663819,0.0,0.0,0.0,hindsight_global16,2,0.0,448,paragliding,discovery,0.0,1.0
0.3704394011804185,0.25635575752429796,0.3133975793523582,0.0,0.0,0.0,hindsight_global16,2,0.0,448,sheep,discovery,0.0,1.0
0.420390070853353,0.2937769208898266,0.3570834958715898,0.0,0.0,0.0,hindsight_global16,2,0.0,448,tractor-sand,discovery,0.0,1.0
