F,J,JF,delta_OFF,method,resolution,sequence,split,target_slot,token_iou,trajectory
0.4943005978918925,0.35257654871634075,0.4234385733041166,0.0031209427502119635,CycleGate,448,bmx-bumps,discovery,1,0.3559139668941498,"[""ALL"", ""A""]"
0.5,0.5,0.5,0.0,CycleGate,448,bmx-bumps,discovery,2,0.0,"[""ALL"", ""ALL""]"
0.7084600907644931,0.7983438335016244,0.7534019621330588,0.003226047189323955,CycleGate,448,cat-girl,discovery,1,0.8030679225921631,"[""A"", ""A""]"
0.583771640918187,0.7989150768442956,0.6913433588812413,0.0007556009233283811,CycleGate,448,cat-girl,discovery,2,0.771212100982666,"[""ALL"", ""A""]"
0.35063548789094673,0.4914402192747099,0.4210378535828283,-0.007421282153032116,CycleGate,448,classic-car,discovery,1,0.4963506758213043,"[""ALL"", ""A""]"
0.3530529418415697,0.3259855062546582,0.33951922404811397,0.006056937032323406,CycleGate,448,classic-car,discovery,2,0.33430299162864685,"[""ALL"", ""A""]"
0.516127282048117,0.7199300594778935,0.6180286707630053,0.013198059252050531,CycleGate,448,color-run,discovery,1,0.7106333374977112,"[""B"", ""B""]"
0.43774860275508903,0.4866457626789596,0.46219718271702437,0.002662839337821077,CycleGate,448,color-run,discovery,2,0.4800527095794678,"[""B"", ""ALL""]"
0.5927587267317177,0.5700466062491826,0.5814026664904501,-0.005414932492262103,CycleGate,448,dancing,discovery,1,0.6012350916862488,"[""A"", ""ALL""]"
0.5033493220467828,0.4512555324255679,0.4773024272361754,0.012429791542386215,CycleGate,448,dancing,discovery,2,0.49643898010253906,"[""A"", ""ALL""]"
0.4,0.4,0.4,0.0,CycleGate,448,drone,discovery,1,0.0,"[""OFF"", ""ALL""]"
0.14730862623961113,0.14720219286938854,0.14725540955449984,0.014085822785866703,CycleGate,448,drone,discovery,2,0.13054725527763367,"[""ALL"", ""ALL""]"
0.3736569525461847,0.3044266277026939,0.33904179012443925,0.0027229128293048133,CycleGate,448,lindy-hop,discovery,1,0.3560992479324341,"[""ALL"", ""A""]"
0.3562736469001358,0.23456167410682044,0.2954176605034781,-0.0025957148718317447,CycleGate,448,lindy-hop,discovery,2,0.2465595304965973,"[""ALL"", ""ALL""]"
0.6292226919666731,0.7269275440007147,0.6780751179836939,0.004491703886255194,CycleGate,448,lucia,discovery,1,0.7413793206214905,"[""ALL"", ""A""]"
0.6596045043649399,0.6808117206391352,0.6702081125020376,0.0,CycleGate,448,lucia,discovery,2,0.625,"[""ALL"", ""A""]"
0.46405310434220665,0.36525571303509063,0.4146544086886486,0.000563945793576659,CycleGate,448,motocross-bumps,discovery,1,0.41923078894615173,"[""A"", ""B""]"
0.22681808152645344,0.23477064527049166,0.23079436339847256,0.009120651954970388,CycleGate,448,motocross-bumps,discovery,2,0.2912174165248871,"[""ALL"", ""B""]"
0.42356000213405814,0.40835266821345706,0.41595633517375763,0.0,CycleGate,448,paragliding,discovery,1,0.4749999940395355,"[""ALL"", ""OFF""]"
0.6997244670027978,0.5135776349152146,0.6066510509590062,0.0,CycleGate,448,paragliding,discovery,2,0.8636363744735718,"[""OFF"", ""ALL""]"
0.4176517457492383,0.2920037168412758,0.354827731295257,0.0,CycleGate,448,sheep,discovery,1,0.44395121932029724,"[""OFF"", ""OFF""]"
0.3232270566115987,0.2207077982073201,0.27196742740945934,0.0,CycleGate,448,sheep,discovery,2,0.29729345440864563,"[""OFF"", ""OFF""]"
0.4919132688324723,0.4109777080829562,0.4514454884577142,0.0,CycleGate,448,tractor-sand,discovery,1,0.4977777898311615,"[""ALL"", ""ALL""]"
0.3478733541630849,0.1754914128399517,0.26168238350151823,-0.0010847208567452693,CycleGate,448,tractor-sand,discovery,2,0.23333333432674408,"[""A"", ""ALL""]"
0.4943005978918925,0.35257654871634075,0.4234385733041166,0.0031209427502119635,GateOnly,448,bmx-bumps,discovery,1,0.3559139668941498,"[""ALL"", ""A""]"
0.5,0.5,0.5,0.0,GateOnly,448,bmx-bumps,discovery,2,0.0,"[""ALL"", ""ALL""]"
0.7055966730827188,0.7967523676518329,0.7511745203672759,0.001634581339532426,GateOnly,448,cat-girl,discovery,1,0.7978258728981018,"[""A"", ""ALL""]"
0.583771640918187,0.7989150768442956,0.6913433588812413,0.0007556009233283811,GateOnly,448,cat-girl,discovery,2,0.771212100982666,"[""ALL"", ""A""]"
0.35063548789094673,0.4914402192747099,0.4210378535828283,-0.007421282153032116,GateOnly,448,classic-car,discovery,1,0.4963506758213043,"[""ALL"", ""A""]"
0.3597985929764918,0.32710959292128944,0.3434540929488907,0.007181023698954625,GateOnly,448,classic-car,discovery,2,0.3360668420791626,"[""ALL"", ""ALL""]"
0.5234551959956165,0.7281372467734571,0.6257962213845368,0.02140524654761422,GateOnly,448,color-run,discovery,1,0.7198035717010498,"[""B"", ""ALL""]"
0.43774860275508903,0.4866457626789596,0.46219718271702437,0.002662839337821077,GateOnly,448,color-run,discovery,2,0.4800527095794678,"[""B"", ""ALL""]"
0.5927587267317177,0.5700466062491826,0.5814026664904501,-0.005414932492262103,GateOnly,448,dancing,discovery,1,0.6012350916862488,"[""A"", ""ALL""]"
0.5033493220467828,0.4512555324255679,0.4773024272361754,0.012429791542386215,GateOnly,448,dancing,discovery,2,0.49643898010253906,"[""A"", ""ALL""]"
0.4,0.4,0.4,0.0,GateOnly,448,drone,discovery,1,0.0,"[""OFF"", ""ALL""]"
0.14730862623961113,0.14720219286938854,0.14725540955449984,0.014085822785866703,GateOnly,448,drone,discovery,2,0.13054725527763367,"[""ALL"", ""ALL""]"
0.3736569525461847,0.3044266277026939,0.33904179012443925,0.0027229128293048133,GateOnly,448,lindy-hop,discovery,1,0.3560992479324341,"[""ALL"", ""A""]"
0.3562736469001358,0.23456167410682044,0.2954176605034781,-0.0025957148718317447,GateOnly,448,lindy-hop,discovery,2,0.2465595304965973,"[""ALL"", ""ALL""]"
0.6292226919666731,0.7269275440007147,0.6780751179836939,0.004491703886255194,GateOnly,448,lucia,discovery,1,0.7413793206214905,"[""ALL"", ""A""]"
0.6596045043649399,0.6808117206391352,0.6702081125020376,0.0,GateOnly,448,lucia,discovery,2,0.625,"[""ALL"", ""A""]"
0.46405310434220665,0.36525571303509063,0.4146544086886486,0.000563945793576659,GateOnly,448,motocross-bumps,discovery,1,0.41923078894615173,"[""A"", ""B""]"
0.22681808152645344,0.23477064527049166,0.23079436339847256,0.009120651954970388,GateOnly,448,motocross-bumps,discovery,2,0.2912174165248871,"[""ALL"", ""B""]"
0.42356000213405814,0.40835266821345706,0.41595633517375763,0.0,GateOnly,448,paragliding,discovery,1,0.4749999940395355,"[""ALL"", ""OFF""]"
0.6997244670027978,0.5135776349152146,0.6066510509590062,0.0,GateOnly,448,paragliding,discovery,2,0.8636363744735718,"[""OFF"", ""ALL""]"
0.4176517457492383,0.2920037168412758,0.354827731295257,0.0,GateOnly,448,sheep,discovery,1,0.44395121932029724,"[""OFF"", ""OFF""]"
0.3232270566115987,0.2207077982073201,0.27196742740945934,0.0,GateOnly,448,sheep,discovery,2,0.29729345440864563,"[""OFF"", ""OFF""]"
0.4919132688324723,0.4109777080829562,0.4514454884577142,0.0,GateOnly,448,tractor-sand,discovery,1,0.4977777898311615,"[""ALL"", ""ALL""]"
0.3478733541630849,0.1754914128399517,0.26168238350151823,-0.0010847208567452693,GateOnly,448,tractor-sand,discovery,2,0.23333333432674408,"[""A"", ""ALL""]"
0.4563594653985585,0.3494556059661288,0.4029075356823436,0.0,OFF,448,bmx-bumps,discovery,1,0.35829493403434753,"[""OFF"", ""OFF""]"
0.5,0.5,0.5,0.0,OFF,448,bmx-bumps,discovery,2,0.0,"[""OFF"", ""OFF""]"
0.6995112041908145,0.7951177863123005,0.7473144952515575,0.0,OFF,448,cat-girl,discovery,1,0.8030679225921631,"[""OFF"", ""OFF""]"
0.5821805718858383,0.7981594759209673,0.6901700239034028,0.0,OFF,448,cat-girl,discovery,2,0.771212100982666,"[""OFF"", ""OFF""]"
0.3490745883665263,0.498861501427742,0.42396804489713413,0.0,OFF,448,classic-car,discovery,1,0.49586963653564453,"[""OFF"", ""OFF""]"
0.3450219471842515,0.3199285692223348,0.33247525820329316,0.0,OFF,448,classic-car,discovery,2,0.32942965626716614,"[""OFF"", ""OFF""]"
0.5053562227521694,0.7067320002258429,0.6060441114890062,0.0,OFF,448,color-run,discovery,1,0.7011594772338867,"[""OFF"", ""OFF""]"
0.43564351513966576,0.4839829233411385,0.4598132192404021,0.0,OFF,448,color-run,discovery,2,0.4797035753726959,"[""OFF"", ""OFF""]"
0.5934955956037239,0.5754615387414447,0.5844785671725844,0.0,OFF,448,dancing,discovery,1,0.6158701777458191,"[""OFF"", ""OFF""]"
0.4859456472914685,0.43882574088318166,0.46238569408732505,0.0,OFF,448,dancing,discovery,2,0.4787417948246002,"[""OFF"", ""OFF""]"
0.4,0.4,0.4,0.0,OFF,448,drone,discovery,1,0.0,"[""OFF"", ""OFF""]"
0.12946785235777009,0.13311637008352184,0.13129211122064596,0.0,OFF,448,drone,discovery,2,0.11748552322387695,"[""OFF"", ""OFF""]"
0.37181212462423724,0.3017037148733891,0.3367579197488132,0.0,OFF,448,lindy-hop,discovery,1,0.35856419801712036,"[""OFF"", ""OFF""]"
0.36154244466264807,0.23715738897865218,0.29934991682065015,0.0,OFF,448,lindy-hop,discovery,2,0.25113844871520996,"[""OFF"", ""OFF""]"
0.6268731827331694,0.7224358401144595,0.6746545114238145,0.0,OFF,448,lucia,discovery,1,0.7241379022598267,"[""OFF"", ""OFF""]"
0.6596045043649399,0.6808117206391352,0.6702081125020376,0.0,OFF,448,lucia,discovery,2,0.625,"[""OFF"", ""OFF""]"
0.46302864741456956,0.364691767241514,0.41386020732804174,0.0,OFF,448,motocross-bumps,discovery,1,0.41923078894615173,"[""OFF"", ""OFF""]"
0.22572976032022157,0.22564999331552127,0.2256898768178714,0.0,OFF,448,motocross-bumps,discovery,2,0.2840970456600189,"[""OFF"", ""OFF""]"
0.42356000213405814,0.40835266821345706,0.41595633517375763,0.0,OFF,448,paragliding,discovery,1,0.4749999940395355,"[""OFF"", ""OFF""]"
0.6997244670027978,0.5135776349152146,0.6066510509590062,0.0,OFF,448,paragliding,discovery,2,0.8636363744735718,"[""OFF"", ""OFF""]"
0.4176517457492383,0.2920037168412758,0.354827731295257,0.0,OFF,448,sheep,discovery,1,0.44395121932029724,"[""OFF"", ""OFF""]"
0.3232270566115987,0.2207077982073201,0.27196742740945934,0.0,OFF,448,sheep,discovery,2,0.29729345440864563,"[""OFF"", ""OFF""]"
0.4919132688324723,0.4109777080829562,0.4514454884577142,0.0,OFF,448,tractor-sand,discovery,1,0.4977777898311615,"[""OFF"", ""OFF""]"
0.3488668728742337,0.17657613369669697,0.26272150328546534,0.0,OFF,448,tractor-sand,discovery,2,0.23333333432674408,"[""OFF"", ""OFF""]"
0.4943005978918925,0.35257654871634075,0.4234385733041166,0.0031209427502119635,discovery_fixed16,448,bmx-bumps,discovery,1,0.3559139668941498,"[""ALL"", ""B""]"
0.5,0.5,0.5,0.0,discovery_fixed16,448,bmx-bumps,discovery,2,0.0,"[""ALL"", ""B""]"
0.7055966730827188,0.7967523676518329,0.7511745203672759,0.001634581339532426,discovery_fixed16,448,cat-girl,discovery,1,0.7978258728981018,"[""ALL"", ""B""]"
0.5942812016045518,0.8005061952816717,0.6973936984431117,0.002346719360704408,discovery_fixed16,448,cat-girl,discovery,2,0.7753424644470215,"[""ALL"", ""B""]"
0.35079455966022755,0.49143910359297854,0.421116831626603,-0.00742239783476345,discovery_fixed16,448,classic-car,discovery,1,0.4963506758213043,"[""ALL"", ""B""]"
0.35836635042269166,0.33085758963034534,0.3446119700265185,0.010929020408010526,discovery_fixed16,448,classic-car,discovery,2,0.33414575457572937,"[""ALL"", ""B""]"
0.5162165029357777,0.7214508778615882,0.618833690398683,0.014718877635745309,discovery_fixed16,448,color-run,discovery,1,0.7127006649971008,"[""ALL"", ""B""]"
0.4370650933802926,0.4857063407479421,0.46138571706411735,0.0017234174068035957,discovery_fixed16,448,color-run,discovery,2,0.4783504903316498,"[""ALL"", ""B""]"
0.5874708317815076,0.572687503433085,0.5800791676072964,-0.0027740353083596236,discovery_fixed16,448,dancing,discovery,1,0.5982069373130798,"[""ALL"", ""B""]"
0.49315986468631795,0.44717013172749015,0.47016499820690405,0.008344390844308491,discovery_fixed16,448,dancing,discovery,2,0.49555477499961853,"[""ALL"", ""B""]"
0.4,0.4,0.4,0.0,discovery_fixed16,448,drone,discovery,1,0.0,"[""ALL"", ""B""]"
0.14730862623961113,0.14720219286938854,0.14725540955449984,0.014085822785866703,discovery_fixed16,448,drone,discovery,2,0.13054725527763367,"[""ALL"", ""B""]"
0.3723484329196091,0.3044946728364922,0.33842155287805065,0.00279095796310308,discovery_fixed16,448,lindy-hop,discovery,1,0.3552675247192383,"[""ALL"", ""B""]"
0.3568332764046288,0.23394529951736298,0.2953892879609959,-0.0032120894612892026,discovery_fixed16,448,lindy-hop,discovery,2,0.24322788417339325,"[""ALL"", ""B""]"
0.6292226919666731,0.7269275440007147,0.6780751179836939,0.004491703886255194,discovery_fixed16,448,lucia,discovery,1,0.7413793206214905,"[""ALL"", ""B""]"
0.6596045043649399,0.6808117206391352,0.6702081125020376,0.0,discovery_fixed16,448,lucia,discovery,2,0.625,"[""ALL"", ""B""]"
0.482120948730637,0.3847257090617756,0.4334233288962063,0.020033941820261636,discovery_fixed16,448,motocross-bumps,discovery,1,0.4384615421295166,"[""ALL"", ""B""]"
0.22681808152645344,0.23477064527049166,0.23079436339847256,0.009120651954970388,discovery_fixed16,448,motocross-bumps,discovery,2,0.2912174165248871,"[""ALL"", ""B""]"
0.42356000213405814,0.40835266821345706,0.41595633517375763,0.0,discovery_fixed16,448,paragliding,discovery,1,0.4749999940395355,"[""ALL"", ""B""]"
0.6997244670027978,0.5135776349152146,0.6066510509590062,0.0,discovery_fixed16,448,paragliding,discovery,2,0.8636363744735718,"[""ALL"", ""B""]"
0.4176517457492383,0.2920037168412758,0.354827731295257,0.0,discovery_fixed16,448,sheep,discovery,1,0.44395121932029724,"[""ALL"", ""B""]"
0.3232270566115987,0.2207077982073201,0.27196742740945934,0.0,discovery_fixed16,448,sheep,discovery,2,0.29862117767333984,"[""ALL"", ""B""]"
0.4919132688324723,0.4109777080829562,0.4514454884577142,0.0,discovery_fixed16,448,tractor-sand,discovery,1,0.4977777898311615,"[""ALL"", ""B""]"
0.3488668728742337,0.17657613369669697,0.26272150328546534,0.0,discovery_fixed16,448,tractor-sand,discovery,2,0.23333333432674408,"[""ALL"", ""B""]"
0.4943005978918925,0.35257654871634075,0.4234385733041166,0.0031209427502119635,v1_rgb_selector,448,bmx-bumps,discovery,1,0.3559139668941498,"[""ALL"", ""A""]"
0.5,0.5,0.5,0.0,v1_rgb_selector,448,bmx-bumps,discovery,2,0.0,"[""ALL"", ""ALL""]"
0.7055966730827188,0.7967523676518329,0.7511745203672759,0.001634581339532426,v1_rgb_selector,448,cat-girl,discovery,1,0.7978258728981018,"[""A"", ""ALL""]"
0.583771640918187,0.7989150768442956,0.6913433588812413,0.0007556009233283811,v1_rgb_selector,448,cat-girl,discovery,2,0.771212100982666,"[""ALL"", ""A""]"
0.3490745883665263,0.498861501427742,0.42396804489713413,0.0,v1_rgb_selector,448,classic-car,discovery,1,0.49586963653564453,"[""OFF"", ""OFF""]"
0.3597985929764918,0.32710959292128944,0.3434540929488907,0.007181023698954625,v1_rgb_selector,448,classic-car,discovery,2,0.3360668420791626,"[""ALL"", ""ALL""]"
0.5161733384882587,0.7214174123394423,0.6187953754138505,0.014685412113599416,v1_rgb_selector,448,color-run,discovery,1,0.7127006649971008,"[""ALL"", ""A""]"
0.43774860275508903,0.4866457626789596,0.46219718271702437,0.002662839337821077,v1_rgb_selector,448,color-run,discovery,2,0.4800527095794678,"[""B"", ""ALL""]"
0.5927587267317177,0.5700466062491826,0.5814026664904501,-0.005414932492262103,v1_rgb_selector,448,dancing,discovery,1,0.6012350916862488,"[""A"", ""ALL""]"
0.5033493220467828,0.4512555324255679,0.4773024272361754,0.012429791542386215,v1_rgb_selector,448,dancing,discovery,2,0.49643898010253906,"[""A"", ""ALL""]"
0.4,0.4,0.4,0.0,v1_rgb_selector,448,drone,discovery,1,0.0,"[""A"", ""ALL""]"
0.14730862623961113,0.14720219286938854,0.14725540955449984,0.014085822785866703,v1_rgb_selector,448,drone,discovery,2,0.13054725527763367,"[""ALL"", ""ALL""]"
0.3736569525461847,0.3044266277026939,0.33904179012443925,0.0027229128293048133,v1_rgb_selector,448,lindy-hop,discovery,1,0.3560992479324341,"[""ALL"", ""A""]"
0.3568332764046288,0.23394529951736298,0.2953892879609959,-0.0032120894612892026,v1_rgb_selector,448,lindy-hop,discovery,2,0.24322788417339325,"[""ALL"", ""B""]"
0.6292226919666731,0.7269275440007147,0.6780751179836939,0.004491703886255194,v1_rgb_selector,448,lucia,discovery,1,0.7413793206214905,"[""B"", ""ALL""]"
0.6596045043649399,0.6808117206391352,0.6702081125020376,0.0,v1_rgb_selector,448,lucia,discovery,2,0.625,"[""ALL"", ""A""]"
0.46405310434220665,0.36525571303509063,0.4146544086886486,0.000563945793576659,v1_rgb_selector,448,motocross-bumps,discovery,1,0.41923078894615173,"[""A"", ""A""]"
0.22681808152645344,0.23477064527049166,0.23079436339847256,0.009120651954970388,v1_rgb_selector,448,motocross-bumps,discovery,2,0.2912174165248871,"[""A"", ""A""]"
0.42356000213405814,0.40835266821345706,0.41595633517375763,0.0,v1_rgb_selector,448,paragliding,discovery,1,0.4749999940395355,"[""A"", ""A""]"
0.6997244670027978,0.5135776349152146,0.6066510509590062,0.0,v1_rgb_selector,448,paragliding,discovery,2,0.8636363744735718,"[""A"", ""A""]"
0.4169018742386836,0.2824878048649889,0.3496948395518363,-0.009515911976286873,v1_rgb_selector,448,sheep,discovery,1,0.4469512403011322,"[""ALL"", ""A""]"
0.3232270566115987,0.22087775833569762,0.2720524074736481,0.0001699601283775276,v1_rgb_selector,448,sheep,discovery,2,0.30000001192092896,"[""ALL"", ""A""]"
0.4855317223377833,0.4047917125981442,0.44516171746796385,-0.006185995484811968,v1_rgb_selector,448,tractor-sand,discovery,1,0.4880341589450836,"[""ALL"", ""A""]"
0.3478733541630849,0.1754914128399517,0.26168238350151823,-0.0010847208567452693,v1_rgb_selector,448,tractor-sand,discovery,2,0.23333333432674408,"[""A"", ""ALL""]"
0.4943005978918925,0.35257654871634075,0.4234385733041166,0.0031209427502119635,v1_visible_selector,448,bmx-bumps,discovery,1,0.3559139668941498,"[""ALL"", ""A""]"
0.5,0.5,0.5,0.0,v1_visible_selector,448,bmx-bumps,discovery,2,0.0,"[""ALL"", ""ALL""]"
0.7055966730827188,0.7967523676518329,0.7511745203672759,0.001634581339532426,v1_visible_selector,448,cat-girl,discovery,1,0.7978258728981018,"[""A"", ""ALL""]"
0.583771640918187,0.7989150768442956,0.6913433588812413,0.0007556009233283811,v1_visible_selector,448,cat-girl,discovery,2,0.771212100982666,"[""ALL"", ""A""]"
0.35063548789094673,0.4914402192747099,0.4210378535828283,-0.007421282153032116,v1_visible_selector,448,classic-car,discovery,1,0.4963506758213043,"[""ALL"", ""A""]"
0.3597985929764918,0.32710959292128944,0.3434540929488907,0.007181023698954625,v1_visible_selector,448,classic-car,discovery,2,0.3360668420791626,"[""ALL"", ""ALL""]"
0.5234551959956165,0.7281372467734571,0.6257962213845368,0.02140524654761422,v1_visible_selector,448,color-run,discovery,1,0.7198035717010498,"[""B"", ""ALL""]"
0.43774860275508903,0.4866457626789596,0.46219718271702437,0.002662839337821077,v1_visible_selector,448,color-run,discovery,2,0.4800527095794678,"[""B"", ""ALL""]"
0.5927587267317177,0.5700466062491826,0.5814026664904501,-0.005414932492262103,v1_visible_selector,448,dancing,discovery,1,0.6012350916862488,"[""A"", ""ALL""]"
0.5033493220467828,0.4512555324255679,0.4773024272361754,0.012429791542386215,v1_visible_selector,448,dancing,discovery,2,0.49643898010253906,"[""A"", ""ALL""]"
0.4,0.4,0.4,0.0,v1_visible_selector,448,drone,discovery,1,0.0,"[""OFF"", ""ALL""]"
0.14730862623961113,0.14720219286938854,0.14725540955449984,0.014085822785866703,v1_visible_selector,448,drone,discovery,2,0.13054725527763367,"[""ALL"", ""ALL""]"
0.3736569525461847,0.3044266277026939,0.33904179012443925,0.0027229128293048133,v1_visible_selector,448,lindy-hop,discovery,1,0.3560992479324341,"[""ALL"", ""A""]"
0.3562736469001358,0.23456167410682044,0.2954176605034781,-0.0025957148718317447,v1_visible_selector,448,lindy-hop,discovery,2,0.2465595304965973,"[""ALL"", ""ALL""]"
0.6292226919666731,0.7269275440007147,0.6780751179836939,0.004491703886255194,v1_visible_selector,448,lucia,discovery,1,0.7413793206214905,"[""ALL"", ""A""]"
0.6596045043649399,0.6808117206391352,0.6702081125020376,0.0,v1_visible_selector,448,lucia,discovery,2,0.625,"[""ALL"", ""A""]"
0.46405310434220665,0.36525571303509063,0.4146544086886486,0.000563945793576659,v1_visible_selector,448,motocross-bumps,discovery,1,0.41923078894615173,"[""A"", ""B""]"
0.22681808152645344,0.23477064527049166,0.23079436339847256,0.009120651954970388,v1_visible_selector,448,motocross-bumps,discovery,2,0.2912174165248871,"[""ALL"", ""B""]"
0.42356000213405814,0.40835266821345706,0.41595633517375763,0.0,v1_visible_selector,448,paragliding,discovery,1,0.4749999940395355,"[""ALL"", ""OFF""]"
0.6997244670027978,0.5135776349152146,0.6066510509590062,0.0,v1_visible_selector,448,paragliding,discovery,2,0.8636363744735718,"[""OFF"", ""ALL""]"
0.4176517457492383,0.2920037168412758,0.354827731295257,0.0,v1_visible_selector,448,sheep,discovery,1,0.44395121932029724,"[""OFF"", ""OFF""]"
0.3232270566115987,0.2207077982073201,0.27196742740945934,0.0,v1_visible_selector,448,sheep,discovery,2,0.29729345440864563,"[""OFF"", ""OFF""]"
0.4919132688324723,0.4109777080829562,0.4514454884577142,0.0,v1_visible_selector,448,tractor-sand,discovery,1,0.4977777898311615,"[""ALL"", ""ALL""]"
0.3478733541630849,0.1754914128399517,0.26168238350151823,-0.0010847208567452693,v1_visible_selector,448,tractor-sand,discovery,2,0.23333333432674408,"[""A"", ""ALL""]"
0.4943005978918925,0.35257654871634075,0.4234385733041166,0.0031209427502119635,CycleGate_outer_OOF_before_fallback,448,bmx-bumps,discovery,1,0.3559139668941498,"[""ALL"", ""A""]"
0.5,0.5,0.5,0.0,CycleGate_outer_OOF_before_fallback,448,bmx-bumps,discovery,2,0.0,"[""ALL"", ""ALL""]"
0.7084600907644931,0.7983438335016244,0.7534019621330588,0.003226047189323955,CycleGate_outer_OOF_before_fallback,448,cat-girl,discovery,1,0.8030679225921631,"[""A"", ""A""]"
0.583771640918187,0.7989150768442956,0.6913433588812413,0.0007556009233283811,CycleGate_outer_OOF_before_fallback,448,cat-girl,discovery,2,0.771212100982666,"[""ALL"", ""A""]"
0.35063548789094673,0.4914402192747099,0.4210378535828283,-0.007421282153032116,CycleGate_outer_OOF_before_fallback,448,classic-car,discovery,1,0.4963506758213043,"[""ALL"", ""A""]"
0.3530529418415697,0.3259855062546582,0.33951922404811397,0.006056937032323406,CycleGate_outer_OOF_before_fallback,448,classic-car,discovery,2,0.33430299162864685,"[""ALL"", ""A""]"
0.5053562227521694,0.7067320002258429,0.6060441114890062,0.0,CycleGate_outer_OOF_before_fallback,448,color-run,discovery,1,0.7011594772338867,"[""OFF"", ""OFF""]"
0.4356951847495085,0.486195596287524,0.4609453905185163,0.0022126729463854966,CycleGate_outer_OOF_before_fallback,448,color-run,discovery,2,0.47936543822288513,"[""ALL"", ""A""]"
0.5927587267317177,0.5700466062491826,0.5814026664904501,-0.005414932492262103,CycleGate_outer_OOF_before_fallback,448,dancing,discovery,1,0.6012350916862488,"[""A"", ""ALL""]"
0.5033493220467828,0.4512555324255679,0.4773024272361754,0.012429791542386215,CycleGate_outer_OOF_before_fallback,448,dancing,discovery,2,0.49643898010253906,"[""A"", ""ALL""]"
0.4,0.4,0.4,0.0,CycleGate_outer_OOF_before_fallback,448,drone,discovery,1,0.0,"[""OFF"", ""ALL""]"
0.14730862623961113,0.14720219286938854,0.14725540955449984,0.014085822785866703,CycleGate_outer_OOF_before_fallback,448,drone,discovery,2,0.13054725527763367,"[""ALL"", ""ALL""]"
0.37181212462423724,0.3017037148733891,0.3367579197488132,0.0,CycleGate_outer_OOF_before_fallback,448,lindy-hop,discovery,1,0.35856419801712036,"[""OFF"", ""OFF""]"
0.3562736469001358,0.23456167410682044,0.2954176605034781,-0.0025957148718317447,CycleGate_outer_OOF_before_fallback,448,lindy-hop,discovery,2,0.2465595304965973,"[""ALL"", ""ALL""]"
0.6292226919666731,0.7269275440007147,0.6780751179836939,0.004491703886255194,CycleGate_outer_OOF_before_fallback,448,lucia,discovery,1,0.7413793206214905,"[""ALL"", ""A""]"
0.6596045043649399,0.6808117206391352,0.6702081125020376,0.0,CycleGate_outer_OOF_before_fallback,448,lucia,discovery,2,0.625,"[""ALL"", ""A""]"
0.46302864741456956,0.364691767241514,0.41386020732804174,0.0,CycleGate_outer_OOF_before_fallback,448,motocross-bumps,discovery,1,0.41923078894615173,"[""OFF"", ""OFF""]"
0.22572976032022157,0.22564999331552127,0.2256898768178714,0.0,CycleGate_outer_OOF_before_fallback,448,motocross-bumps,discovery,2,0.2840970456600189,"[""OFF"", ""OFF""]"
0.42356000213405814,0.40835266821345706,0.41595633517375763,0.0,CycleGate_outer_OOF_before_fallback,448,paragliding,discovery,1,0.4749999940395355,"[""ALL"", ""OFF""]"
0.6997244670027978,0.5135776349152146,0.6066510509590062,0.0,CycleGate_outer_OOF_before_fallback,448,paragliding,discovery,2,0.8636363744735718,"[""OFF"", ""ALL""]"
0.4176517457492383,0.2920037168412758,0.354827731295257,0.0,CycleGate_outer_OOF_before_fallback,448,sheep,discovery,1,0.44395121932029724,"[""OFF"", ""OFF""]"
0.3232270566115987,0.2207077982073201,0.27196742740945934,0.0,CycleGate_outer_OOF_before_fallback,448,sheep,discovery,2,0.29729345440864563,"[""OFF"", ""OFF""]"
0.4919132688324723,0.4109777080829562,0.4514454884577142,0.0,CycleGate_outer_OOF_before_fallback,448,tractor-sand,discovery,1,0.4977777898311615,"[""ALL"", ""ALL""]"
0.3478733541630849,0.1754914128399517,0.26168238350151823,-0.0010847208567452693,CycleGate_outer_OOF_before_fallback,448,tractor-sand,discovery,2,0.23333333432674408,"[""A"", ""ALL""]"
0.4943005978918925,0.35257654871634075,0.4234385733041166,0.0031209427502119635,GateOnly_outer_OOF_before_fallback,448,bmx-bumps,discovery,1,0.3559139668941498,"[""ALL"", ""A""]"
0.5,0.5,0.5,0.0,GateOnly_outer_OOF_before_fallback,448,bmx-bumps,discovery,2,0.0,"[""ALL"", ""ALL""]"
0.7055966730827188,0.7967523676518329,0.7511745203672759,0.001634581339532426,GateOnly_outer_OOF_before_fallback,448,cat-girl,discovery,1,0.7978258728981018,"[""A"", ""ALL""]"
0.583771640918187,0.7989150768442956,0.6913433588812413,0.0007556009233283811,GateOnly_outer_OOF_before_fallback,448,cat-girl,discovery,2,0.771212100982666,"[""ALL"", ""A""]"
0.35063548789094673,0.4914402192747099,0.4210378535828283,-0.007421282153032116,GateOnly_outer_OOF_before_fallback,448,classic-car,discovery,1,0.4963506758213043,"[""ALL"", ""A""]"
0.3597985929764918,0.32710959292128944,0.3434540929488907,0.007181023698954625,GateOnly_outer_OOF_before_fallback,448,classic-car,discovery,2,0.3360668420791626,"[""ALL"", ""ALL""]"
0.5053562227521694,0.7067320002258429,0.6060441114890062,0.0,GateOnly_outer_OOF_before_fallback,448,color-run,discovery,1,0.7011594772338867,"[""OFF"", ""OFF""]"
0.43564351513966576,0.4839829233411385,0.4598132192404021,0.0,GateOnly_outer_OOF_before_fallback,448,color-run,discovery,2,0.4797035753726959,"[""OFF"", ""OFF""]"
0.5927587267317177,0.5700466062491826,0.5814026664904501,-0.005414932492262103,GateOnly_outer_OOF_before_fallback,448,dancing,discovery,1,0.6012350916862488,"[""A"", ""ALL""]"
0.5033493220467828,0.4512555324255679,0.4773024272361754,0.012429791542386215,GateOnly_outer_OOF_before_fallback,448,dancing,discovery,2,0.49643898010253906,"[""A"", ""ALL""]"
0.4,0.4,0.4,0.0,GateOnly_outer_OOF_before_fallback,448,drone,discovery,1,0.0,"[""OFF"", ""ALL""]"
0.14730862623961113,0.14720219286938854,0.14725540955449984,0.014085822785866703,GateOnly_outer_OOF_before_fallback,448,drone,discovery,2,0.13054725527763367,"[""ALL"", ""ALL""]"
0.37181212462423724,0.3017037148733891,0.3367579197488132,0.0,GateOnly_outer_OOF_before_fallback,448,lindy-hop,discovery,1,0.35856419801712036,"[""OFF"", ""OFF""]"
0.3562736469001358,0.23456167410682044,0.2954176605034781,-0.0025957148718317447,GateOnly_outer_OOF_before_fallback,448,lindy-hop,discovery,2,0.2465595304965973,"[""ALL"", ""ALL""]"
0.6292226919666731,0.7269275440007147,0.6780751179836939,0.004491703886255194,GateOnly_outer_OOF_before_fallback,448,lucia,discovery,1,0.7413793206214905,"[""ALL"", ""A""]"
0.6596045043649399,0.6808117206391352,0.6702081125020376,0.0,GateOnly_outer_OOF_before_fallback,448,lucia,discovery,2,0.625,"[""ALL"", ""A""]"
0.46405310434220665,0.36525571303509063,0.4146544086886486,0.000563945793576659,GateOnly_outer_OOF_before_fallback,448,motocross-bumps,discovery,1,0.41923078894615173,"[""A"", ""B""]"
0.22572976032022157,0.22564999331552127,0.2256898768178714,0.0,GateOnly_outer_OOF_before_fallback,448,motocross-bumps,discovery,2,0.2840970456600189,"[""OFF"", ""OFF""]"
0.42356000213405814,0.40835266821345706,0.41595633517375763,0.0,GateOnly_outer_OOF_before_fallback,448,paragliding,discovery,1,0.4749999940395355,"[""ALL"", ""OFF""]"
0.6997244670027978,0.5135776349152146,0.6066510509590062,0.0,GateOnly_outer_OOF_before_fallback,448,paragliding,discovery,2,0.8636363744735718,"[""OFF"", ""ALL""]"
0.4176517457492383,0.2920037168412758,0.354827731295257,0.0,GateOnly_outer_OOF_before_fallback,448,sheep,discovery,1,0.44395121932029724,"[""OFF"", ""OFF""]"
0.3232270566115987,0.2207077982073201,0.27196742740945934,0.0,GateOnly_outer_OOF_before_fallback,448,sheep,discovery,2,0.29729345440864563,"[""OFF"", ""OFF""]"
0.4919132688324723,0.4109777080829562,0.4514454884577142,0.0,GateOnly_outer_OOF_before_fallback,448,tractor-sand,discovery,1,0.4977777898311615,"[""ALL"", ""ALL""]"
0.3478733541630849,0.1754914128399517,0.26168238350151823,-0.0010847208567452693,GateOnly_outer_OOF_before_fallback,448,tractor-sand,discovery,2,0.23333333432674408,"[""A"", ""ALL""]"
0.4943005978918925,0.35257654871634075,0.4234385733041166,0.0031209427502119635,constant_oracle,448,bmx-bumps,discovery,1,0.3559139668941498,"[""A"", ""A""]"
0.5,0.5,0.5,0.0,constant_oracle,448,bmx-bumps,discovery,2,0.0,"[""OFF"", ""OFF""]"
0.7084600907644931,0.7983438335016244,0.7534019621330588,0.003226047189323955,constant_oracle,448,cat-girl,discovery,1,0.8030679225921631,"[""A"", ""A""]"
0.5893884888494502,0.8010738551064867,0.6952311719779685,0.0029143791855194,constant_oracle,448,cat-girl,discovery,2,0.77492356300354,"[""A"", ""A""]"
0.3490745883665263,0.498861501427742,0.42396804489713413,0.0,constant_oracle,448,classic-car,discovery,1,0.49586963653564453,"[""OFF"", ""OFF""]"
0.3597985929764918,0.32710959292128944,0.3434540929488907,0.007181023698954625,constant_oracle,448,classic-car,discovery,2,0.3360668420791626,"[""ALL"", ""ALL""]"
0.516127282048117,0.7199300594778935,0.6180286707630053,0.013198059252050531,constant_oracle,448,color-run,discovery,1,0.7106333374977112,"[""B"", ""B""]"
0.43577679101543493,0.4862021310329208,0.46098946102417787,0.002219207691782299,constant_oracle,448,color-run,discovery,2,0.47936543822288513,"[""B"", ""B""]"
0.5934955956037239,0.5754615387414447,0.5844785671725844,0.0,constant_oracle,448,dancing,discovery,1,0.6158701777458191,"[""OFF"", ""OFF""]"
0.5036622601029096,0.4593408407969049,0.4815015504499072,0.020515099913723245,constant_oracle,448,dancing,discovery,2,0.5173000693321228,"[""ALL"", ""ALL""]"
0.4,0.4,0.4,0.0,constant_oracle,448,drone,discovery,1,0.0,"[""OFF"", ""OFF""]"
0.14730862623961113,0.14720219286938854,0.14725540955449984,0.014085822785866703,constant_oracle,448,drone,discovery,2,0.13054725527763367,"[""B"", ""B""]"
0.37441798523217384,0.3045538804336668,0.33948593283292033,0.0028501655602777287,constant_oracle,448,lindy-hop,discovery,1,0.3609069585800171,"[""A"", ""A""]"
0.36154244466264807,0.23715738897865218,0.29934991682065015,0.0,constant_oracle,448,lindy-hop,discovery,2,0.25113844871520996,"[""OFF"", ""OFF""]"
0.6293112185971893,0.7268950730334569,0.678103145815323,0.004459232918997413,constant_oracle,448,lucia,discovery,1,0.7413793206214905,"[""ALL"", ""ALL""]"
0.6596045043649399,0.6808117206391352,0.6702081125020376,0.0,constant_oracle,448,lucia,discovery,2,0.625,"[""OFF"", ""OFF""]"
0.46405310434220665,0.36525571303509063,0.4146544086886486,0.000563945793576659,constant_oracle,448,motocross-bumps,discovery,1,0.41923078894615173,"[""A"", ""A""]"
0.22681808152645344,0.23477064527049166,0.23079436339847256,0.009120651954970388,constant_oracle,448,motocross-bumps,discovery,2,0.2912174165248871,"[""A"", ""A""]"
0.42356000213405814,0.40835266821345706,0.41595633517375763,0.0,constant_oracle,448,paragliding,discovery,1,0.4749999940395355,"[""OFF"", ""OFF""]"
0.6997244670027978,0.5135776349152146,0.6066510509590062,0.0,constant_oracle,448,paragliding,discovery,2,0.8636363744735718,"[""OFF"", ""OFF""]"
0.4176517457492383,0.2920037168412758,0.354827731295257,0.0,constant_oracle,448,sheep,discovery,1,0.44395121932029724,"[""OFF"", ""OFF""]"
0.3232270566115987,0.22332028624291594,0.27327367142725734,0.0026124880355958557,constant_oracle,448,sheep,discovery,2,0.30143290758132935,"[""B"", ""B""]"
0.4919132688324723,0.4109777080829562,0.4514454884577142,0.0,constant_oracle,448,tractor-sand,discovery,1,0.4977777898311615,"[""OFF"", ""OFF""]"
0.3488668728742337,0.17657613369669697,0.26272150328546534,0.0,constant_oracle,448,tractor-sand,discovery,2,0.23333333432674408,"[""OFF"", ""OFF""]"
0.4943005978918925,0.35257654871634075,0.4234385733041166,0.0031209427502119635,dynamic_oracle,448,bmx-bumps,discovery,1,0.3559139668941498,"[""OFF"", ""ALL""]"
0.5,0.5,0.5,0.0,dynamic_oracle,448,bmx-bumps,discovery,2,0.0,"[""OFF"", ""OFF""]"
0.7091212427192852,0.7986534121970927,0.753887327458189,0.0035356258847922817,dynamic_oracle,448,cat-girl,discovery,1,0.8030679225921631,"[""B"", ""A""]"
0.5896614862684695,0.8014910774565611,0.6955762818625153,0.0033316015355938644,dynamic_oracle,448,cat-girl,discovery,2,0.77492356300354,"[""OFF"", ""B""]"
0.349332068638817,0.4993520081982054,0.4243420384185112,0.000490506770463417,dynamic_oracle,448,classic-car,discovery,1,0.4963506758213043,"[""A"", ""OFF""]"
0.35836635042269166,0.33085758963034534,0.3446119700265185,0.010929020408010526,dynamic_oracle,448,classic-car,discovery,2,0.33414575457572937,"[""ALL"", ""B""]"
0.5234551959956165,0.7281372467734571,0.6257962213845368,0.02140524654761422,dynamic_oracle,448,color-run,discovery,1,0.7198035717010498,"[""B"", ""ALL""]"
0.43820497416366394,0.487559745662607,0.46288235991313537,0.003576822321468498,dynamic_oracle,448,color-run,discovery,2,0.4817798137664795,"[""ALL"", ""OFF""]"
0.5934955956037239,0.5754615387414447,0.5844785671725844,0.0,dynamic_oracle,448,dancing,discovery,1,0.6158701777458191,"[""OFF"", ""OFF""]"
0.5036622601029096,0.4593408407969049,0.4815015504499072,0.020515099913723245,dynamic_oracle,448,dancing,discovery,2,0.5173000693321228,"[""ALL"", ""ALL""]"
0.4,0.4,0.4,0.0,dynamic_oracle,448,drone,discovery,1,0.0,"[""OFF"", ""OFF""]"
0.14730862623961113,0.14720219286938854,0.14725540955449984,0.014085822785866703,dynamic_oracle,448,drone,discovery,2,0.13054725527763367,"[""OFF"", ""ALL""]"
0.37362492540994174,0.3051788792154646,0.3394019023127032,0.0034751643420755096,dynamic_oracle,448,lindy-hop,discovery,1,0.36235320568084717,"[""ALL"", ""OFF""]"
0.36092994019169583,0.23803660936307833,0.2994832747773871,0.0008792203844261437,dynamic_oracle,448,lindy-hop,discovery,2,0.2525777220726013,"[""OFF"", ""B""]"
0.6292226919666731,0.7269275440007147,0.6780751179836939,0.004491703886255194,dynamic_oracle,448,lucia,discovery,1,0.7413793206214905,"[""B"", ""ALL""]"
0.6596045043649399,0.6808117206391352,0.6702081125020376,0.0,dynamic_oracle,448,lucia,discovery,2,0.625,"[""OFF"", ""OFF""]"
0.482120948730637,0.3847257090617756,0.4334233288962063,0.020033941820261636,dynamic_oracle,448,motocross-bumps,discovery,1,0.4384615421295166,"[""ALL"", ""A""]"
0.2388895470821459,0.2482319674565438,0.24356075726934484,0.02258197414102253,dynamic_oracle,448,motocross-bumps,discovery,2,0.30221328139305115,"[""ALL"", ""OFF""]"
0.42356000213405814,0.40835266821345706,0.41595633517375763,0.0,dynamic_oracle,448,paragliding,discovery,1,0.4749999940395355,"[""OFF"", ""OFF""]"
0.6997244670027978,0.5135776349152146,0.6066510509590062,0.0,dynamic_oracle,448,paragliding,discovery,2,0.8636363744735718,"[""OFF"", ""OFF""]"
0.4176517457492383,0.2920037168412758,0.354827731295257,0.0,dynamic_oracle,448,sheep,discovery,1,0.44395121932029724,"[""OFF"", ""OFF""]"
0.3232270566115987,0.22332028624291594,0.27327367142725734,0.0026124880355958557,dynamic_oracle,448,sheep,discovery,2,0.30143290758132935,"[""OFF"", ""ALL""]"
0.4919132688324723,0.4109777080829562,0.4514454884577142,0.0,dynamic_oracle,448,tractor-sand,discovery,1,0.4977777898311615,"[""OFF"", ""OFF""]"
0.3488668728742337,0.17657613369669697,0.26272150328546534,0.0,dynamic_oracle,448,tractor-sand,discovery,2,0.23333333432674408,"[""OFF"", ""OFF""]"
0.4943005978918925,0.35257654871634075,0.4234385733041166,0.0031209427502119635,hindsight_global16,448,bmx-bumps,discovery,1,0.3559139668941498,"[""ALL"", ""B""]"
0.5,0.5,0.5,0.0,hindsight_global16,448,bmx-bumps,discovery,2,0.0,"[""ALL"", ""B""]"
0.7055966730827188,0.7967523676518329,0.7511745203672759,0.001634581339532426,hindsight_global16,448,cat-girl,discovery,1,0.7978258728981018,"[""ALL"", ""B""]"
0.5942812016045518,0.8005061952816717,0.6973936984431117,0.002346719360704408,hindsight_global16,448,cat-girl,discovery,2,0.7753424644470215,"[""ALL"", ""B""]"
0.35079455966022755,0.49143910359297854,0.421116831626603,-0.00742239783476345,hindsight_global16,448,classic-car,discovery,1,0.4963506758213043,"[""ALL"", ""B""]"
0.35836635042269166,0.33085758963034534,0.3446119700265185,0.010929020408010526,hindsight_global16,448,classic-car,discovery,2,0.33414575457572937,"[""ALL"", ""B""]"
0.5162165029357777,0.7214508778615882,0.618833690398683,0.014718877635745309,hindsight_global16,448,color-run,discovery,1,0.7127006649971008,"[""ALL"", ""B""]"
0.4370650933802926,0.4857063407479421,0.46138571706411735,0.0017234174068035957,hindsight_global16,448,color-run,discovery,2,0.4783504903316498,"[""ALL"", ""B""]"
0.5874708317815076,0.572687503433085,0.5800791676072964,-0.0027740353083596236,hindsight_global16,448,dancing,discovery,1,0.5982069373130798,"[""ALL"", ""B""]"
0.49315986468631795,0.44717013172749015,0.47016499820690405,0.008344390844308491,hindsight_global16,448,dancing,discovery,2,0.49555477499961853,"[""ALL"", ""B""]"
0.4,0.4,0.4,0.0,hindsight_global16,448,drone,discovery,1,0.0,"[""ALL"", ""B""]"
0.14730862623961113,0.14720219286938854,0.14725540955449984,0.014085822785866703,hindsight_global16,448,drone,discovery,2,0.13054725527763367,"[""ALL"", ""B""]"
0.3723484329196091,0.3044946728364922,0.33842155287805065,0.00279095796310308,hindsight_global16,448,lindy-hop,discovery,1,0.3552675247192383,"[""ALL"", ""B""]"
0.3568332764046288,0.23394529951736298,0.2953892879609959,-0.0032120894612892026,hindsight_global16,448,lindy-hop,discovery,2,0.24322788417339325,"[""ALL"", ""B""]"
0.6292226919666731,0.7269275440007147,0.6780751179836939,0.004491703886255194,hindsight_global16,448,lucia,discovery,1,0.7413793206214905,"[""ALL"", ""B""]"
0.6596045043649399,0.6808117206391352,0.6702081125020376,0.0,hindsight_global16,448,lucia,discovery,2,0.625,"[""ALL"", ""B""]"
0.482120948730637,0.3847257090617756,0.4334233288962063,0.020033941820261636,hindsight_global16,448,motocross-bumps,discovery,1,0.4384615421295166,"[""ALL"", ""B""]"
0.22681808152645344,0.23477064527049166,0.23079436339847256,0.009120651954970388,hindsight_global16,448,motocross-bumps,discovery,2,0.2912174165248871,"[""ALL"", ""B""]"
0.42356000213405814,0.40835266821345706,0.41595633517375763,0.0,hindsight_global16,448,paragliding,discovery,1,0.4749999940395355,"[""ALL"", ""B""]"
0.6997244670027978,0.5135776349152146,0.6066510509590062,0.0,hindsight_global16,448,paragliding,discovery,2,0.8636363744735718,"[""ALL"", ""B""]"
0.4176517457492383,0.2920037168412758,0.354827731295257,0.0,hindsight_global16,448,sheep,discovery,1,0.44395121932029724,"[""ALL"", ""B""]"
0.3232270566115987,0.2207077982073201,0.27196742740945934,0.0,hindsight_global16,448,sheep,discovery,2,0.29862117767333984,"[""ALL"", ""B""]"
0.4919132688324723,0.4109777080829562,0.4514454884577142,0.0,hindsight_global16,448,tractor-sand,discovery,1,0.4977777898311615,"[""ALL"", ""B""]"
0.3488668728742337,0.17657613369669697,0.26272150328546534,0.0,hindsight_global16,448,tractor-sand,discovery,2,0.23333333432674408,"[""ALL"", ""B""]"
