run,checkpoint,scene_id,loss,rgb_psnr,rgb_mse,rgb_ssim,depth_absrel,depth_rmse,depth_delta1,opacity,coverage
100A+30B,initial,ai_001_001,0.5869936347007751,13.56769461359115,0.04911916430112329,0.5264229231585384,0.4496897203726862,1.1370609229563624,0.32691650390625,0.6745330222911434,1.0
100A+30B,initial,ai_002_001,0.7874650061130524,9.84942031108379,0.1086422482764016,0.3321580958768098,0.539764670073738,2.4819086433388486,0.03868408203125,0.5773520744824054,1.0
100A+30B,initial,ai_003_001,3.275564670562744,10.406871364775276,0.09165555863702812,0.0011779091049308398,2.975664177285072,1.2638274624334178,0.09755859375,0.5894911179671909,1.0
100A+30B,phase_a_final,ai_001_001,0.6129272878170013,12.595284716501673,0.06180936833037463,0.5181227278388528,0.4540080293130826,1.191947956098532,0.29039306640625,0.5947611324892932,1.0
100A+30B,phase_a_final,ai_002_001,0.8324006646871567,9.1356700529881,0.1281592135678242,0.32783437553971045,0.5664583341904027,2.5837424069683506,0.0306640625,0.5004646438592317,1.0
100A+30B,phase_a_final,ai_003_001,2.9144145250320435,12.012701042526235,0.06340189129629313,0.0017163350913256058,2.6652455701765096,1.1411858140730193,0.1090576171875,0.5117248088241467,1.0
100A+30B,phase_b_final,ai_001_001,0.6066117733716965,12.768837015359582,0.059098494013383074,0.5207818028752352,0.45302665791484775,1.1770528502941138,0.2903564453125,0.6048218120544334,1.0
100A+30B,phase_b_final,ai_002_001,0.825336679816246,9.246849385225655,0.12506907799798367,0.32931618234824933,0.5627325228770782,2.5689399271658497,0.031201171875000003,0.5096024742924783,1.0
100A+30B,phase_b_final,ai_003_001,2.923729956150055,11.918828139244614,0.06478525406309651,0.0016778937747404894,2.6718242300821076,1.1434190529685222,0.108740234375,0.5143890292936704,1.0
1000A+600B,initial,ai_001_001,0.5869936347007751,13.56769461359115,0.04911916430112329,0.5264229231585384,0.4496897203726862,1.1370609229563624,0.32691650390625,0.6745330222911434,1.0
1000A+600B,initial,ai_002_001,0.7874650061130524,9.84942031108379,0.1086422482764016,0.3321580958768098,0.539764670073738,2.4819086433388486,0.03868408203125,0.5773520744824054,1.0
1000A+600B,initial,ai_003_001,3.275564670562744,10.406871364775276,0.09165555863702812,0.0011779091049308398,2.975664177285072,1.2638274624334178,0.09755859375,0.5894911179671909,1.0
1000A+600B,phase_a_final,ai_001_001,0.4245816841721535,13.032495721790236,0.050530763979576704,0.47851325444450454,0.2711347308433271,0.8260046819200032,0.608056640625,0.802776968503531,1.0
1000A+600B,phase_a_final,ai_002_001,0.3257003203034401,12.556909512215523,0.05591026124471184,0.35636041912147903,0.14652936879725867,0.9932411338375016,0.701025390625,0.953479221193993,1.0
1000A+600B,phase_a_final,ai_003_001,0.4934355318546295,25.74481363680812,0.0026740792324326666,0.0378588351291495,0.4420643623122028,0.5595802292646701,0.26683349609375,0.12068246068220106,1.0
1000A+600B,phase_b_final,ai_001_001,0.6247044801712036,11.329857797511147,0.07437746659564186,0.4167402144940207,0.4164024997555591,1.243589614755799,0.332275390625,0.784365299347155,1.0
1000A+600B,phase_b_final,ai_002_001,0.3091794550418854,12.596805660351057,0.05540068293043774,0.36180997856765257,0.13603262142940106,0.946238113120727,0.7618408203125,0.9523072483600117,1.0
1000A+600B,phase_b_final,ai_003_001,0.48745588958263397,26.83910083479803,0.002078661773827785,0.048063459469059995,0.4421487554272202,0.5549049040397012,0.2645263671875,0.12648977742364878,1.0
