resolution,split,sequence,method,J,F,JF,token_iou,gain_off
224,discovery,bmx-bumps,A/A,0.3145805061068093,0.32343997071522657,0.31901023841101794,0.022727273404598236,0.0
224,discovery,cat-girl,A/A,0.7128025626458951,0.494151883719135,0.6034772231825152,0.712006688117981,-0.0054477230736178495
224,discovery,classic-car,A/A,0.30875561411816554,0.21095035230947545,0.2598529832138205,0.373367041349411,0.0031176400742640997
224,discovery,color-run,A/A,0.5318758511528638,0.32408390019653327,0.42797987567469853,0.517041876912117,0.001162135539686887
224,discovery,dancing,A/A,0.423329614706062,0.36911514285917757,0.3962223787826198,0.43704287707805634,0.009728348999055031
224,discovery,drone,A/A,0.3462351420058839,0.3218019712096939,0.3340185566077889,0.05528846010565758,0.0012037677902392574
224,discovery,lindy-hop,A/A,0.10161513585688742,0.14559505490368665,0.12360509538028704,0.21610426157712936,0.00030165866754170573
224,discovery,lucia,A/A,0.5608471886210606,0.38772129562503177,0.4742842421230462,0.625,0.0
224,discovery,motocross-bumps,A/A,0.0,0.0,0.0,0.13571428880095482,0.0
224,discovery,paragliding,A/A,0.2858597864408295,0.27115206130518865,0.27850592387300904,0.45000000298023224,0.0
224,discovery,sheep,A/A,0.16579007761692055,0.17111733287913594,0.16845370524802825,0.1976984217762947,-0.0005958217929496468
224,discovery,tractor-sand,A/A,0.27878148079481985,0.33196587231985775,0.30537367655733877,0.6388889253139496,0.0
224,discovery,bmx-bumps,ALL/ALL,0.3145805061068093,0.32343997071522657,0.31901023841101794,0.022727273404598236,0.0
224,discovery,cat-girl,ALL/ALL,0.7045741352298678,0.4963004231563489,0.6004372791931083,0.6945051848888397,-0.013676150489645211
224,discovery,classic-car,ALL/ALL,0.3093605710205903,0.21096938146096136,0.26016497624077584,0.3734671175479889,0.0037225969766888356
224,discovery,color-run,ALL/ALL,0.5133549488143799,0.31253729707219985,0.4129461229432899,0.49935726821422577,-0.017358766798796943
224,discovery,dancing,ALL/ALL,0.41952193335532395,0.3570198578332108,0.3882708955942673,0.42662620544433594,0.005920667648317002
224,discovery,drone,ALL/ALL,0.34650470248977516,0.32224761554087844,0.3343761590153268,0.05582524091005325,0.0014733282741305476
224,discovery,lindy-hop,ALL/ALL,0.09917793012361868,0.1455425650481454,0.12236024758588204,0.21704671531915665,-0.0021355470657270226
224,discovery,lucia,ALL/ALL,0.5608471886210606,0.38772129562503177,0.4742842421230462,0.625,0.0
224,discovery,motocross-bumps,ALL/ALL,0.0,0.0,0.0,0.1391625665128231,0.0
224,discovery,paragliding,ALL/ALL,0.2858597864408295,0.27115206130518865,0.27850592387300904,0.45000000298023224,0.0
224,discovery,sheep,ALL/ALL,0.1663858994098702,0.17303786844472135,0.16971188392729575,0.1976984217762947,0.0
224,discovery,tractor-sand,ALL/ALL,0.27878148079481985,0.33196587231985775,0.30537367655733877,0.6388889253139496,0.0
224,discovery,bmx-bumps,B/B,0.3145805061068093,0.32343997071522657,0.31901023841101794,0.022727273404598236,0.0
224,discovery,cat-girl,B/B,0.7088847964400962,0.4955911564902863,0.6022379764651913,0.7061925530433655,-0.009365489279416772
224,discovery,classic-car,B/B,0.30844802840896957,0.2101681559772446,0.25930809219310713,0.373367041349411,0.002810054365068121
224,discovery,color-run,B/B,0.5175634448980406,0.3133912803689233,0.415477362633482,0.5044632405042648,-0.01315027071513633
224,discovery,dancing,B/B,0.423329614706062,0.36911514285917757,0.3962223787826198,0.43704287707805634,0.009728348999055031
224,discovery,drone,B/B,0.3462663524823272,0.3218019712096939,0.33403416184601054,0.05528846010565758,0.0012349782666825349
224,discovery,lindy-hop,B/B,0.10160870184412232,0.14559505490368665,0.1236018783739045,0.21610426157712936,0.00029522465477662546
224,discovery,lucia,B/B,0.5608471886210606,0.38772129562503177,0.4742842421230462,0.625,0.0
224,discovery,motocross-bumps,B/B,0.0,0.0,0.0,0.13571428880095482,0.0
224,discovery,paragliding,B/B,0.2858597864408295,0.27115206130518865,0.27850592387300904,0.45000000298023224,0.0
224,discovery,sheep,B/B,0.1663858994098702,0.17303786844472135,0.16971188392729575,0.1976984217762947,0.0
224,discovery,tractor-sand,B/B,0.27878148079481985,0.33196587231985775,0.30537367655733877,0.6388889253139496,0.0
224,discovery,bmx-bumps,OFF,0.3145805061068093,0.32343997071522657,0.31901023841101794,0.022727273404598236,0.0
224,discovery,cat-girl,OFF,0.718250285719513,0.5075708127545054,0.6129105492370093,0.7139227390289307,0.0
224,discovery,classic-car,OFF,0.3056379740439015,0.20845610001769554,0.2570470370307985,0.37024202942848206,0.0
224,discovery,color-run,OFF,0.5307137156131769,0.31850768288382825,0.4246106992485026,0.5157438963651657,0.0
224,discovery,dancing,OFF,0.41360126570700695,0.3632581096318022,0.38842968766940456,0.43704287707805634,0.0
224,discovery,drone,OFF,0.3450313742156446,0.32034779969194405,0.33268958695379436,0.05408653989434242,0.0
224,discovery,lindy-hop,OFF,0.1013134771893457,0.1430552617762029,0.12218436948277431,0.21312806755304337,0.0
224,discovery,lucia,OFF,0.5608471886210606,0.38772129562503177,0.4742842421230462,0.625,0.0
224,discovery,motocross-bumps,OFF,0.0,0.0,0.0,0.1391625665128231,0.0
224,discovery,paragliding,OFF,0.2858597864408295,0.27115206130518865,0.27850592387300904,0.45000000298023224,0.0
224,discovery,sheep,OFF,0.1663858994098702,0.17303786844472135,0.16971188392729575,0.1976984217762947,0.0
224,discovery,tractor-sand,OFF,0.27878148079481985,0.33196587231985775,0.30537367655733877,0.6388889253139496,0.0
224,discovery,bmx-bumps,best_constant_oracle,0.3145805061068093,0.32343997071522657,0.31901023841101794,0.022727273404598236,0.0
224,discovery,cat-girl,best_constant_oracle,0.718250285719513,0.5075708127545054,0.6129105492370093,0.7139227390289307,0.0
224,discovery,classic-car,best_constant_oracle,0.30988692761647624,0.2113480309006857,0.260617479258581,0.3744087219238281,0.004248953572574793
224,discovery,color-run,best_constant_oracle,0.5319471633824284,0.3240703084890918,0.42800873593576017,0.517041876912117,0.0012334477692515777
224,discovery,dancing,best_constant_oracle,0.4236314103903837,0.36916673364866953,0.3963990720195266,0.43704287707805634,0.010030144683376763
224,discovery,drone,best_constant_oracle,0.34650470248977516,0.32224761554087844,0.3343761590153268,0.05582524091005325,0.0014733282741305476
224,discovery,lindy-hop,best_constant_oracle,0.10161513585688742,0.14559505490368665,0.12360509538028704,0.21610426157712936,0.00030165866754170573
224,discovery,lucia,best_constant_oracle,0.5608471886210606,0.38772129562503177,0.4742842421230462,0.625,0.0
224,discovery,motocross-bumps,best_constant_oracle,0.0,0.0,0.0,0.1391625665128231,0.0
224,discovery,paragliding,best_constant_oracle,0.2858597864408295,0.27115206130518865,0.27850592387300904,0.45000000298023224,0.0
224,discovery,sheep,best_constant_oracle,0.1663858994098702,0.17303786844472135,0.16971188392729575,0.1976984217762947,0.0
224,discovery,tractor-sand,best_constant_oracle,0.27878148079481985,0.33196587231985775,0.30537367655733877,0.6388889253139496,0.0
224,discovery,bmx-bumps,best_fixed,0.3145805061068093,0.32343997071522657,0.31901023841101794,0.022727273404598236,0.0
224,discovery,cat-girl,best_fixed,0.712675194967705,0.49752377024024796,0.6050994826039764,0.7139227390289307,-0.0055750907518080095
224,discovery,classic-car,best_fixed,0.30988724898654063,0.21069073034802782,0.2602889896672842,0.37535034120082855,0.0042492749426391585
224,discovery,color-run,best_fixed,0.5287973765758041,0.31910196045735595,0.42394966851658,0.5152633339166641,-0.0019163390373728162
224,discovery,dancing,best_fixed,0.42934860850495615,0.3724965039720117,0.40092255623848394,0.44745953381061554,0.015747342797949232
224,discovery,drone,best_fixed,0.34650470248977516,0.32224761554087844,0.3343761590153268,0.05582524091005325,0.0014733282741305476
224,discovery,lindy-hop,best_fixed,0.10157910884192715,0.1454816511735202,0.12353038000772366,0.21563329547643661,0.0002656316525814495
224,discovery,lucia,best_fixed,0.5608471886210606,0.38772129562503177,0.4742842421230462,0.625,0.0
224,discovery,motocross-bumps,best_fixed,0.0,0.0,0.0,0.13571428880095482,0.0
224,discovery,paragliding,best_fixed,0.2858597864408295,0.27115206130518865,0.27850592387300904,0.45000000298023224,0.0
224,discovery,sheep,best_fixed,0.16579007761692055,0.17111733287913594,0.16845370524802825,0.1976984217762947,-0.0005958217929496468
224,discovery,tractor-sand,best_fixed,0.27878148079481985,0.33196587231985775,0.30537367655733877,0.6388889253139496,0.0
224,discovery,bmx-bumps,rgb_selector,0.3145805061068093,0.32343997071522657,0.31901023841101794,0.022727273404598236,0.0
224,discovery,cat-girl,rgb_selector,0.718250285719513,0.5075708127545054,0.6129105492370093,0.7139227390289307,0.0
224,discovery,classic-car,rgb_selector,0.3056379740439015,0.20845610001769554,0.2570470370307985,0.37024202942848206,0.0
224,discovery,color-run,rgb_selector,0.5307137156131769,0.31850768288382825,0.4246106992485026,0.5157438963651657,0.0
224,discovery,dancing,rgb_selector,0.41360126570700695,0.3632581096318022,0.38842968766940456,0.43704287707805634,0.0
224,discovery,drone,rgb_selector,0.3450313742156446,0.32034779969194405,0.33268958695379436,0.05408653989434242,0.0
224,discovery,lindy-hop,rgb_selector,0.1013134771893457,0.1430552617762029,0.12218436948277431,0.21312806755304337,0.0
224,discovery,lucia,rgb_selector,0.5608471886210606,0.38772129562503177,0.4742842421230462,0.625,0.0
224,discovery,motocross-bumps,rgb_selector,0.0,0.0,0.0,0.1391625665128231,0.0
224,discovery,paragliding,rgb_selector,0.2858597864408295,0.27115206130518865,0.27850592387300904,0.45000000298023224,0.0
224,discovery,sheep,rgb_selector,0.1663858994098702,0.17303786844472135,0.16971188392729575,0.1976984217762947,0.0
224,discovery,tractor-sand,rgb_selector,0.27878148079481985,0.33196587231985775,0.30537367655733877,0.6388889253139496,0.0
224,discovery,bmx-bumps,trajectory_oracle,0.3145805061068093,0.32343997071522657,0.31901023841101794,0.022727273404598236,0.0
224,discovery,cat-girl,trajectory_oracle,0.718250285719513,0.5075708127545054,0.6129105492370093,0.7139227390289307,0.0
224,discovery,classic-car,trajectory_oracle,0.31302838002554145,0.2096636435625095,0.2613460117940255,0.3773336112499237,0.00739040598163998
224,discovery,color-run,trajectory_oracle,0.5319471633824284,0.3240703084890918,0.42800873593576017,0.517041876912117,0.0012334477692515777
224,discovery,dancing,trajectory_oracle,0.43207854902610365,0.3722189916041878,0.40214877031514573,0.44745953381061554,0.018477283319096705
224,discovery,drone,trajectory_oracle,0.34668220108867254,0.32308631921824105,0.3348842601534568,0.05582524091005325,0.001650826873027894
224,discovery,lindy-hop,trajectory_oracle,0.10161513585688742,0.14559505490368665,0.12360509538028704,0.21610426157712936,0.00030165866754170573
224,discovery,lucia,trajectory_oracle,0.5608471886210606,0.38772129562503177,0.4742842421230462,0.625,0.0
224,discovery,motocross-bumps,trajectory_oracle,0.0,0.0,0.0,0.1391625665128231,0.0
224,discovery,paragliding,trajectory_oracle,0.2858597864408295,0.27115206130518865,0.27850592387300904,0.45000000298023224,0.0
224,discovery,sheep,trajectory_oracle,0.1663858994098702,0.17303786844472135,0.16971188392729575,0.1976984217762947,0.0
224,discovery,tractor-sand,trajectory_oracle,0.27878148079481985,0.33196587231985775,0.30537367655733877,0.6388889253139496,0.0
224,discovery,bmx-bumps,visible_selector,0.3145805061068093,0.32343997071522657,0.31901023841101794,0.022727273404598236,0.0
224,discovery,cat-girl,visible_selector,0.718250285719513,0.5075708127545054,0.6129105492370093,0.7139227390289307,0.0
224,discovery,classic-car,visible_selector,0.3056379740439015,0.20845610001769554,0.2570470370307985,0.37024202942848206,0.0
224,discovery,color-run,visible_selector,0.5307137156131769,0.31850768288382825,0.4246106992485026,0.5157438963651657,0.0
224,discovery,dancing,visible_selector,0.41360126570700695,0.3632581096318022,0.38842968766940456,0.43704287707805634,0.0
224,discovery,drone,visible_selector,0.3450313742156446,0.32034779969194405,0.33268958695379436,0.05408653989434242,0.0
224,discovery,lindy-hop,visible_selector,0.1013134771893457,0.1430552617762029,0.12218436948277431,0.21312806755304337,0.0
224,discovery,lucia,visible_selector,0.5608471886210606,0.38772129562503177,0.4742842421230462,0.625,0.0
224,discovery,motocross-bumps,visible_selector,0.0,0.0,0.0,0.1391625665128231,0.0
224,discovery,paragliding,visible_selector,0.2858597864408295,0.27115206130518865,0.27850592387300904,0.45000000298023224,0.0
224,discovery,sheep,visible_selector,0.1663858994098702,0.17303786844472135,0.16971188392729575,0.1976984217762947,0.0
224,discovery,tractor-sand,visible_selector,0.27878148079481985,0.33196587231985775,0.30537367655733877,0.6388889253139496,0.0
224,validation,bear,A/A,0.7802864897627881,0.564411057621921,0.6723487736923546,0.7281106114387512,0.0
224,validation,disc-jockey,A/A,0.4006757830235408,0.2832808843380299,0.34197833368078534,0.37455493211746216,0.0031083103012746194
224,validation,dog-agility,A/A,0.6525906449027437,0.40071121549723354,0.5266509301999885,0.6875468790531158,-0.0011838857476655362
224,validation,dogs-scale,A/A,0.4423388718045187,0.3009604948788864,0.3716496833417025,0.4748775511980057,2.388425041799369e-06
224,validation,elephant,A/A,0.7002570483114445,0.38790972374428273,0.5440833860278635,0.7620993256568909,-0.0001874067698399151
224,validation,hike,A/A,0.49827352346803133,0.3844234964650052,0.44134850996651825,0.4978991597890854,-0.004027695103115958
224,validation,kid-football,A/A,0.7091840665277944,0.4639850700933362,0.5865845683105653,0.7250930666923523,0.0007445140186437271
224,validation,koala,A/A,0.7605356515670406,0.4646367053205792,0.6125861784438099,0.7898009717464447,-0.002998808412815135
224,validation,lady-running,A/A,0.25481209148365414,0.12012614327220766,0.1874691173779309,0.4761904776096344,6.397823198765751e-05
224,validation,longboard,A/A,0.2456064404408171,0.2041725184847149,0.224889479462766,0.3681374788284302,-0.002476381861632501
224,validation,mallard-fly,A/A,0.2739204940059232,0.22551450670776757,0.2497175003568454,0.24285715073347092,0.0
224,validation,motorbike,A/A,0.10583623010972606,0.1316579388196148,0.11874708446467042,0.17777778208255768,0.0
224,validation,rallye,A/A,0.0,0.0,0.0,0.0,0.0
224,validation,scooter-board,A/A,0.13201799063279815,0.13515285568085542,0.13358542315682678,0.25,4.411528559400413e-07
224,validation,scooter-gray,A/A,0.0960462345587151,0.14235228274735484,0.11919925865303496,0.17177419364452362,0.0
224,validation,stroller,A/A,0.5009864698496118,0.33145637788483373,0.4162214238672228,0.35497352480888367,-6.812478866746741e-06
224,validation,bear,ALL/ALL,0.7802864897627881,0.564411057621921,0.6723487736923546,0.7281106114387512,0.0
224,validation,disc-jockey,ALL/ALL,0.4016994219443518,0.28220715223051074,0.34195328708743133,0.376142218708992,0.004131949222085651
224,validation,dog-agility,ALL/ALL,0.6506506894288282,0.3862604988211775,0.5184555941250029,0.6875468790531158,-0.0031238412215809364
224,validation,dogs-scale,ALL/ALL,0.4410066466181302,0.29708073780990296,0.36904369221401656,0.4674079865217209,-0.0013298367613467088
224,validation,elephant,ALL/ALL,0.6952141281348261,0.3648942244292299,0.5300541762820281,0.7639849185943604,-0.0052303269464582525
224,validation,hike,ALL/ALL,0.49716671172825766,0.36944082944029877,0.4333037705842782,0.4978991597890854,-0.00513450684288963
224,validation,kid-football,ALL/ALL,0.7091840665277944,0.4639850700933362,0.5865845683105653,0.7250930666923523,0.0007445140186437271
224,validation,koala,ALL/ALL,0.7615936049066251,0.46646069462628487,0.6140271497664549,0.7898009717464447,-0.0019408550732306629
224,validation,lady-running,ALL/ALL,0.2537602919379082,0.11864617028886429,0.18620323111338627,0.4692690968513489,-0.0009878213137582414
224,validation,longboard,ALL/ALL,0.24765578205306976,0.21132824688898233,0.22949201447102605,0.3718411773443222,-0.000427040249379812
224,validation,mallard-fly,ALL/ALL,0.2739204940059232,0.22551450670776757,0.2497175003568454,0.24285715073347092,0.0
224,validation,motorbike,ALL/ALL,0.10583623010972606,0.1316579388196148,0.11874708446467042,0.17539682984352112,0.0
224,validation,rallye,ALL/ALL,0.0,0.0,0.0,0.0,0.0
224,validation,scooter-board,ALL/ALL,0.13201799063279815,0.13515285568085542,0.13358542315682678,0.25,4.411528559400413e-07
224,validation,scooter-gray,ALL/ALL,0.0960462345587151,0.14235228274735484,0.11919925865303496,0.17177419364452362,0.0
224,validation,stroller,ALL/ALL,0.5009996370572686,0.33145637788483373,0.41622800747105115,0.35497352480888367,6.354728789959019e-06
224,validation,bear,B/B,0.7802864897627881,0.564411057621921,0.6723487736923546,0.7281106114387512,0.0
224,validation,disc-jockey,B/B,0.39989463556965077,0.28261709409517277,0.34125586483241177,0.3730534315109253,0.002327162847384573
224,validation,dog-agility,B/B,0.6537745306504092,0.39285576028823815,0.5233151454693237,0.6875468790531158,0.0
224,validation,dogs-scale,B/B,0.4423929996190829,0.3014638513838945,0.3719284255014887,0.4748775511980057,5.65162396059804e-05
224,validation,elephant,B/B,0.7002570483114445,0.38790972374428273,0.5440833860278635,0.7620993256568909,-0.0001874067698399151
224,validation,hike,B/B,0.49703264766391353,0.3821594590879023,0.43959605337590785,0.4978991597890854,-0.0052685709072337605
224,validation,kid-football,B/B,0.7091840665277944,0.4639850700933362,0.5865845683105653,0.7250930666923523,0.0007445140186437271
224,validation,koala,B/B,0.7610176141209627,0.46369780198686666,0.6123577080539147,0.7898009717464447,-0.0025168458588930576
224,validation,lady-running,B/B,0.2551996139198629,0.1206619136128648,0.18793076376636386,0.4761904776096344,0.0004515006681964362
224,validation,longboard,B/B,0.2456064404408171,0.2041725184847149,0.224889479462766,0.3681374788284302,-0.002476381861632501
224,validation,mallard-fly,B/B,0.2739204940059232,0.22551450670776757,0.2497175003568454,0.24285715073347092,0.0
224,validation,motorbike,B/B,0.10583623010972606,0.1316579388196148,0.11874708446467042,0.17380952835083008,0.0
224,validation,rallye,B/B,0.0,0.0,0.0,0.0,0.0
224,validation,scooter-board,B/B,0.13201799063279815,0.13515285568085542,0.13358542315682678,0.25,4.411528559400413e-07
224,validation,scooter-gray,B/B,0.11029765028177341,0.1381124289044076,0.12420503959309051,0.17983870953321457,0.014251415723058311
224,validation,stroller,B/B,0.5009864698496118,0.33145637788483373,0.4162214238672228,0.35497352480888367,-6.812478866746741e-06
224,validation,bear,OFF,0.7802864897627881,0.564411057621921,0.6723487736923546,0.7281106114387512,0.0
224,validation,disc-jockey,OFF,0.3975674727222662,0.2815941608065906,0.3395808167644284,0.374067947268486,0.0
224,validation,dog-agility,OFF,0.6537745306504092,0.39285576028823815,0.5233151454693237,0.6875468790531158,0.0
224,validation,dogs-scale,OFF,0.44233648337947695,0.3009604948788864,0.37164848912918164,0.4748775511980057,0.0
224,validation,elephant,OFF,0.7004444550812844,0.402821160722596,0.5516328079019401,0.7450450658798218,0.0
224,validation,hike,OFF,0.5023012185711473,0.3939257564524512,0.44811348751179925,0.533613458275795,0.0
224,validation,kid-football,OFF,0.7084395525091507,0.463278162079036,0.5858588572940933,0.722055971622467,0.0
224,validation,koala,OFF,0.7635344599798557,0.4646410606296727,0.6140877603047643,0.7973767518997192,0.0
224,validation,lady-running,OFF,0.25474811325166646,0.11844649468825175,0.1865973039699591,0.4692690968513489,0.0
224,validation,longboard,OFF,0.24808282230244957,0.20665245258341375,0.22736763744293165,0.3718411773443222,0.0
224,validation,mallard-fly,OFF,0.2739204940059232,0.22551450670776757,0.2497175003568454,0.24285715073347092,0.0
224,validation,motorbike,OFF,0.10583623010972606,0.1316579388196148,0.11874708446467042,0.17380952835083008,0.0
224,validation,rallye,OFF,0.0,0.0,0.0,0.0,0.0
224,validation,scooter-board,OFF,0.1320175494799422,0.13523384592891619,0.1336256977044292,0.25,0.0
224,validation,scooter-gray,OFF,0.0960462345587151,0.14235228274735484,0.11919925865303496,0.17177419364452362,0.0
224,validation,stroller,OFF,0.5009932823284786,0.3313729735750218,0.4161831279517502,0.3518032282590866,0.0
224,validation,bear,best_constant_oracle,0.7802864897627881,0.564411057621921,0.6723487736923546,0.7281106114387512,0.0
224,validation,disc-jockey,best_constant_oracle,0.4016994219443518,0.28220715223051074,0.34195328708743133,0.376142218708992,0.004131949222085651
224,validation,dog-agility,best_constant_oracle,0.6537745306504092,0.39285576028823815,0.5233151454693237,0.6875468790531158,0.0
224,validation,dogs-scale,best_constant_oracle,0.4424533923865689,0.3014638513838945,0.37195862188523166,0.4748775511980057,0.00011690900709193652
224,validation,elephant,best_constant_oracle,0.7021516431061177,0.3920793575501662,0.5471155003281419,0.7620993256568909,0.0017071880248332727
224,validation,hike,best_constant_oracle,0.505063296336523,0.3718722386799834,0.43846776750825317,0.533613458275795,0.0027620777653757367
224,validation,kid-football,best_constant_oracle,0.7091840665277944,0.4639850700933362,0.5865845683105653,0.7250930666923523,0.0007445140186437271
224,validation,koala,best_constant_oracle,0.7641032771643758,0.4674039532690909,0.6157536152167333,0.7973767518997192,0.0005688171845200096
224,validation,lady-running,best_constant_oracle,0.2573035968394026,0.12232878399813298,0.1898161904187678,0.4692690968513489,0.0025554835877361626
224,validation,longboard,best_constant_oracle,0.24808282230244957,0.20665245258341375,0.22736763744293165,0.3718411773443222,0.0
224,validation,mallard-fly,best_constant_oracle,0.2739204940059232,0.22551450670776757,0.2497175003568454,0.24285715073347092,0.0
224,validation,motorbike,best_constant_oracle,0.10583623010972606,0.1316579388196148,0.11874708446467042,0.17380952835083008,0.0
224,validation,rallye,best_constant_oracle,0.0,0.0,0.0,0.0,0.0
224,validation,scooter-board,best_constant_oracle,0.13201799063279815,0.13515285568085542,0.13358542315682678,0.25,4.411528559400413e-07
224,validation,scooter-gray,best_constant_oracle,0.11029765028177341,0.1381124289044076,0.12420503959309051,0.17983870953321457,0.014251415723058311
224,validation,stroller,best_constant_oracle,0.5009996370572686,0.33145637788483373,0.41622800747105115,0.35497352480888367,6.354728789959019e-06
224,validation,bear,best_fixed,0.7802864897627881,0.564411057621921,0.6723487736923546,0.7281106114387512,0.0
224,validation,disc-jockey,best_fixed,0.3987685079218294,0.2821810140096928,0.3404747609657611,0.3730534315109253,0.0012010351995632162
224,validation,dog-agility,best_fixed,0.6528383349240665,0.400823860569018,0.5268310977465422,0.6875468790531158,-0.0009361957263426257
224,validation,dogs-scale,best_fixed,0.4424904193820782,0.30149867899554006,0.37199454918880914,0.4748775511980057,0.00015393600260132922
224,validation,elephant,best_fixed,0.7002570483114445,0.38790972374428273,0.5440833860278635,0.7620993256568909,-0.0001874067698399151
224,validation,hike,best_fixed,0.49703264766391353,0.3821594590879023,0.43959605337590785,0.4978991597890854,-0.0052685709072337605
224,validation,kid-football,best_fixed,0.7091840665277944,0.4639850700933362,0.5865845683105653,0.7250930666923523,0.0007445140186437271
224,validation,koala,best_fixed,0.7610176141209627,0.46369780198686666,0.6123577080539147,0.7898009717464447,-0.0025168458588930576
224,validation,lady-running,best_fixed,0.2549519162896389,0.1202238555707573,0.18758788593019812,0.4761904776096344,0.00020380303797244703
224,validation,longboard,best_fixed,0.24699405591247298,0.2015926750687305,0.2242933654906017,0.3718411773443222,-0.0010887663899766115
224,validation,mallard-fly,best_fixed,0.2739204940059232,0.22551450670776757,0.2497175003568454,0.24285715073347092,0.0
224,validation,motorbike,best_fixed,0.10583623010972606,0.1316579388196148,0.11874708446467042,0.17777778208255768,0.0
224,validation,rallye,best_fixed,0.0,0.0,0.0,0.0,0.0
224,validation,scooter-board,best_fixed,0.16264210364176568,0.20184009054087465,0.18224109709132016,0.375,0.030624554161823483
224,validation,scooter-gray,best_fixed,0.11024236682294952,0.1378500524318596,0.12404620962740456,0.17626728117465973,0.014196132264234426
224,validation,stroller,best_fixed,0.5009996370572686,0.33145637788483373,0.41622800747105115,0.35497352480888367,6.354728789959019e-06
224,validation,bear,rgb_selector,0.7802864897627881,0.564411057621921,0.6723487736923546,0.7281106114387512,0.0
224,validation,disc-jockey,rgb_selector,0.3975674727222662,0.2815941608065906,0.3395808167644284,0.374067947268486,0.0
224,validation,dog-agility,rgb_selector,0.6537745306504092,0.39285576028823815,0.5233151454693237,0.6875468790531158,0.0
224,validation,dogs-scale,rgb_selector,0.44233648337947695,0.3009604948788864,0.37164848912918164,0.4748775511980057,0.0
224,validation,elephant,rgb_selector,0.7004444550812844,0.402821160722596,0.5516328079019401,0.7450450658798218,0.0
224,validation,hike,rgb_selector,0.5023012185711473,0.3939257564524512,0.44811348751179925,0.533613458275795,0.0
224,validation,kid-football,rgb_selector,0.7084395525091507,0.463278162079036,0.5858588572940933,0.722055971622467,0.0
224,validation,koala,rgb_selector,0.7635344599798557,0.4646410606296727,0.6140877603047643,0.7973767518997192,0.0
224,validation,lady-running,rgb_selector,0.25474811325166646,0.11844649468825175,0.1865973039699591,0.4692690968513489,0.0
224,validation,longboard,rgb_selector,0.24808282230244957,0.20665245258341375,0.22736763744293165,0.3718411773443222,0.0
224,validation,mallard-fly,rgb_selector,0.2739204940059232,0.22551450670776757,0.2497175003568454,0.24285715073347092,0.0
224,validation,motorbike,rgb_selector,0.10583623010972606,0.1316579388196148,0.11874708446467042,0.17380952835083008,0.0
224,validation,rallye,rgb_selector,0.0,0.0,0.0,0.0,0.0
224,validation,scooter-board,rgb_selector,0.1320175494799422,0.13523384592891619,0.1336256977044292,0.25,0.0
224,validation,scooter-gray,rgb_selector,0.0960462345587151,0.14235228274735484,0.11919925865303496,0.17177419364452362,0.0
224,validation,stroller,rgb_selector,0.5009932823284786,0.3313729735750218,0.4161831279517502,0.3518032282590866,0.0
224,validation,bear,trajectory_oracle,0.7802864897627881,0.564411057621921,0.6723487736923546,0.7281106114387512,0.0
224,validation,disc-jockey,trajectory_oracle,0.4016994219443518,0.28220715223051074,0.34195328708743133,0.376142218708992,0.004131949222085651
224,validation,dog-agility,trajectory_oracle,0.6537745306504092,0.39285576028823815,0.5233151454693237,0.6875468790531158,0.0
224,validation,dogs-scale,trajectory_oracle,0.4424904193820782,0.30149867899554006,0.37199454918880914,0.4748775511980057,0.00015393600260132922
224,validation,elephant,trajectory_oracle,0.7021516431061177,0.3920793575501662,0.5471155003281419,0.7620993256568909,0.0017071880248332727
224,validation,hike,trajectory_oracle,0.505063296336523,0.3718722386799834,0.43846776750825317,0.533613458275795,0.0027620777653757367
224,validation,kid-football,trajectory_oracle,0.7091840665277944,0.4639850700933362,0.5865845683105653,0.7250930666923523,0.0007445140186437271
224,validation,koala,trajectory_oracle,0.7658712490209941,0.4750978340145393,0.6204845415177667,0.8028218150138855,0.0023367890411383763
224,validation,lady-running,trajectory_oracle,0.2575497358608433,0.12373628059901932,0.1906430082299313,0.4692690968513489,0.002801622609176796
224,validation,longboard,trajectory_oracle,0.2503473107142916,0.20818882130057037,0.229268066007431,0.3718411773443222,0.0022644884118420416
224,validation,mallard-fly,trajectory_oracle,0.2739204940059232,0.22551450670776757,0.2497175003568454,0.24285715073347092,0.0
224,validation,motorbike,trajectory_oracle,0.10583623010972606,0.1316579388196148,0.11874708446467042,0.17380952835083008,0.0
224,validation,rallye,trajectory_oracle,0.0,0.0,0.0,0.0,0.0
224,validation,scooter-board,trajectory_oracle,0.16269915128052415,0.20353215861620522,0.18311565494836468,0.375,0.030681601800581923
224,validation,scooter-gray,trajectory_oracle,0.11029765028177341,0.1381124289044076,0.12420503959309051,0.17983870953321457,0.014251415723058311
224,validation,stroller,trajectory_oracle,0.5009996370572686,0.33145637788483373,0.41622800747105115,0.35497352480888367,6.354728789959019e-06
224,validation,bear,visible_selector,0.7802864897627881,0.564411057621921,0.6723487736923546,0.7281106114387512,0.0
224,validation,disc-jockey,visible_selector,0.3975674727222662,0.2815941608065906,0.3395808167644284,0.374067947268486,0.0
224,validation,dog-agility,visible_selector,0.6537745306504092,0.39285576028823815,0.5233151454693237,0.6875468790531158,0.0
224,validation,dogs-scale,visible_selector,0.44233648337947695,0.3009604948788864,0.37164848912918164,0.4748775511980057,0.0
224,validation,elephant,visible_selector,0.7004444550812844,0.402821160722596,0.5516328079019401,0.7450450658798218,0.0
224,validation,hike,visible_selector,0.5023012185711473,0.3939257564524512,0.44811348751179925,0.533613458275795,0.0
224,validation,kid-football,visible_selector,0.7084395525091507,0.463278162079036,0.5858588572940933,0.722055971622467,0.0
224,validation,koala,visible_selector,0.7635344599798557,0.4646410606296727,0.6140877603047643,0.7973767518997192,0.0
224,validation,lady-running,visible_selector,0.25474811325166646,0.11844649468825175,0.1865973039699591,0.4692690968513489,0.0
224,validation,longboard,visible_selector,0.24808282230244957,0.20665245258341375,0.22736763744293165,0.3718411773443222,0.0
224,validation,mallard-fly,visible_selector,0.2739204940059232,0.22551450670776757,0.2497175003568454,0.24285715073347092,0.0
224,validation,motorbike,visible_selector,0.10583623010972606,0.1316579388196148,0.11874708446467042,0.17380952835083008,0.0
224,validation,rallye,visible_selector,0.0,0.0,0.0,0.0,0.0
224,validation,scooter-board,visible_selector,0.1320175494799422,0.13523384592891619,0.1336256977044292,0.25,0.0
224,validation,scooter-gray,visible_selector,0.0960462345587151,0.14235228274735484,0.11919925865303496,0.17177419364452362,0.0
224,validation,stroller,visible_selector,0.5009932823284786,0.3313729735750218,0.4161831279517502,0.3518032282590866,0.0
448,discovery,bmx-bumps,A/A,0.4262882743581704,0.49715029894594626,0.4617192866520583,0.1779569834470749,0.0015604713751059818
448,discovery,cat-girl,A/A,0.7997088443040555,0.6489242898069716,0.7243165670555136,0.7889957427978516,0.0030702131874216776
448,discovery,classic-car,A/A,0.4075140595532152,0.3492963376353292,0.3784051985942722,0.4153268337249756,-0.0018809757718232512
448,discovery,color-run,A/A,0.6016397721261451,0.4757566736799071,0.538698222903026,0.5934951454401016,0.006282310342654279
448,discovery,dancing,A/A,0.5077793661525494,0.5440260551761193,0.5259027106643344,0.546068474650383,0.0006357263402362034
448,discovery,drone,A/A,0.26674372744831853,0.26477268879171123,0.26575820812001494,0.058606963604688644,0.00018554240655763166
448,discovery,lindy-hop,A/A,0.2691812868331186,0.36615173162461556,0.3176665092288671,0.3023058846592903,-0.0002492650929020179
448,discovery,lucia,A/A,0.7016076307849854,0.6432830359978843,0.6724453333914349,0.6745689511299133,-1.6149591811953634e-05
448,discovery,motocross-bumps,A/A,0.30001317915279113,0.34543559293433,0.3227243860435606,0.3552241027355194,0.0048422988742735235
448,discovery,paragliding,A/A,0.4609651515643358,0.561642234568428,0.5113036930663819,0.6693181842565536,0.0
448,discovery,sheep,A/A,0.2516877338390465,0.3700947776628907,0.31089125575096854,0.3734756261110306,-0.004668023685251446
448,discovery,tractor-sand,A/A,0.2937769208898266,0.420390070853353,0.3570834958715898,0.3655555620789528,0.0
448,discovery,bmx-bumps,ALL/ALL,0.4262882743581704,0.49715029894594626,0.4617192866520583,0.1779569834470749,0.0015604713751059818
448,discovery,cat-girl,ALL/ALL,0.7961186007411274,0.6463402592996594,0.7212294300203934,0.7850867509841919,-0.0005200303755064084
448,discovery,classic-car,ALL/ALL,0.4093541008790014,0.35579048032504434,0.3825722906020229,0.41644924879074097,-4.09344460369776e-05
448,discovery,color-run,ALL/ALL,0.6012191896966802,0.4713411050269808,0.5362801473618306,0.5960045009851456,0.005861727913189452
448,discovery,dancing,ALL/ALL,0.513482937832472,0.5496233106080233,0.5315531242202476,0.554667055606842,0.006339298020158868
448,discovery,drone,ALL/ALL,0.27360109643469427,0.2736543131198056,0.27362770477724996,0.06527362763881683,0.0070429113929333514
448,discovery,lindy-hop,ALL/ALL,0.2691751860169338,0.3638806830608543,0.316527934538894,0.2952317148447037,-0.00025536590908686874
448,discovery,lucia,ALL/ALL,0.7038533968362961,0.6444578614810645,0.6741556291586803,0.6831896603107452,0.0022296164594987067
448,discovery,motocross-bumps,ALL/ALL,0.2913904409631346,0.3410955671954858,0.31624300407931016,0.34851180016994476,-0.0037804393153830357
448,discovery,paragliding,ALL/ALL,0.4609651515643358,0.561642234568428,0.5113036930663819,0.6693181842565536,0.0
448,discovery,sheep,ALL/ALL,0.25635575752429796,0.3704394011804185,0.3133975793523582,0.37062233686447144,0.0
448,discovery,tractor-sand,ALL/ALL,0.29323456046145396,0.4198933114977786,0.3565639359796162,0.3655555620789528,-0.0005423604283726347
448,discovery,bmx-bumps,B/B,0.4262882743581704,0.49715029894594626,0.4617192866520583,0.1779569834470749,0.0015604713751059818
448,discovery,cat-girl,B/B,0.7980413155409617,0.6448143662291379,0.7214278408850499,0.7845189869403839,0.001402684424327838
448,discovery,classic-car,B/B,0.4087175215339361,0.3533751239393754,0.38104632273665573,0.4155774414539337,-0.0006775137911023132
448,discovery,color-run,B/B,0.6030660952554071,0.475952036531776,0.5395090658935916,0.5949993878602982,0.007708633471916415
448,discovery,dancing,B/B,0.5032048789987319,0.5384321656132107,0.5208185223059714,0.5353879183530807,-0.0039387608135812435
448,discovery,drone,B/B,0.27360109643469427,0.2736543131198056,0.27362770477724996,0.06527362763881683,0.0070429113929333514
448,discovery,lindy-hop,B/B,0.2691704794367982,0.366138973254634,0.3176547263457161,0.2999020293354988,-0.00026007248922241266
448,discovery,lucia,B/B,0.7016237803767973,0.6432388435490546,0.672431311962926,0.6745689511299133,0.0
448,discovery,motocross-bumps,B/B,0.29869056872813554,0.3448914323312141,0.3217910005296748,0.3540448695421219,0.003519688449617933
448,discovery,paragliding,B/B,0.4609651515643358,0.561642234568428,0.5113036930663819,0.6693181842565536,0.0
448,discovery,sheep,B/B,0.2515624698601474,0.36833999426596675,0.3099512320630571,0.3741920739412308,-0.004793287664150561
448,discovery,tractor-sand,B/B,0.29014156271904795,0.41670253825043413,0.35342205048474107,0.36068374663591385,-0.0036353581707786187
448,discovery,bmx-bumps,OFF,0.4247278029830644,0.47817973269927927,0.4514537678411718,0.17914746701717377,0.0
448,discovery,cat-girl,OFF,0.7966386311166338,0.6408458880383263,0.7187422595774802,0.7871400117874146,0.0
448,discovery,classic-car,OFF,0.4093950353250384,0.3470482677753889,0.37822165155021364,0.41264964640140533,0.0
448,discovery,color-run,OFF,0.5953574617834907,0.47049986894591755,0.5329286653647041,0.5904315263032913,0.0
448,discovery,dancing,OFF,0.5071436398123131,0.5397206214475962,0.5234321306299548,0.5473059862852097,0.0
448,discovery,drone,OFF,0.26655818504176093,0.264733926178885,0.265646055610323,0.05874276161193848,0.0
448,discovery,lindy-hop,OFF,0.2694305519260206,0.3666772846434426,0.3180539182847317,0.30485132336616516,0.0
448,discovery,lucia,OFF,0.7016237803767973,0.6432388435490546,0.672431311962926,0.6745689511299133,0.0
448,discovery,motocross-bumps,OFF,0.2951708802785176,0.34437920386739557,0.3197750420729566,0.3516639173030853,0.0
448,discovery,paragliding,OFF,0.4609651515643358,0.561642234568428,0.5113036930663819,0.6693181842565536,0.0
448,discovery,sheep,OFF,0.25635575752429796,0.3704394011804185,0.3133975793523582,0.37062233686447144,0.0
448,discovery,tractor-sand,OFF,0.2937769208898266,0.420390070853353,0.3570834958715898,0.3655555620789528,0.0
448,discovery,bmx-bumps,best_constant_oracle,0.4262882743581704,0.49715029894594626,0.4617192866520583,0.1779569834470749,0.0015604713751059818
448,discovery,cat-girl,best_constant_oracle,0.7997088443040555,0.6489242898069716,0.7243165670555136,0.7889957427978516,0.0030702131874216776
448,discovery,classic-car,best_constant_oracle,0.41298554717451574,0.354436590671509,0.38371106892301243,0.41596823930740356,0.0035905118494773125
448,discovery,color-run,best_constant_oracle,0.6030660952554071,0.475952036531776,0.5395090658935916,0.5949993878602982,0.007708633471916415
448,discovery,dancing,best_constant_oracle,0.5174011897691748,0.5485789278533167,0.5329900588112458,0.566585123538971,0.010257549956861622
448,discovery,drone,best_constant_oracle,0.27360109643469427,0.2736543131198056,0.27362770477724996,0.06527362763881683,0.0070429113929333514
448,discovery,lindy-hop,best_constant_oracle,0.2708556347061595,0.36798021494741096,0.3194179248267852,0.3060227036476135,0.0014250827801388644
448,discovery,lucia,best_constant_oracle,0.7038533968362961,0.6444578614810645,0.6741556291586803,0.6831896603107452,0.0022296164594987067
448,discovery,motocross-bumps,best_constant_oracle,0.30001317915279113,0.34543559293433,0.3227243860435606,0.3552241027355194,0.0048422988742735235
448,discovery,paragliding,best_constant_oracle,0.4609651515643358,0.561642234568428,0.5113036930663819,0.6693181842565536,0.0
448,discovery,sheep,best_constant_oracle,0.25766200154209584,0.3704394011804185,0.3140507013612572,0.3726920634508133,0.0013062440177979279
448,discovery,tractor-sand,best_constant_oracle,0.2937769208898266,0.420390070853353,0.3570834958715898,0.3655555620789528,0.0
448,discovery,bmx-bumps,best_fixed,0.4262882743581704,0.49715029894594626,0.4617192866520583,0.1779569834470749,0.0015604713751059818
448,discovery,cat-girl,best_fixed,0.7986292814667523,0.6499389373436353,0.7242841094051938,0.7865841686725616,0.001990650350118417
448,discovery,classic-car,best_fixed,0.41114834661166194,0.35458045504145963,0.38286440082656076,0.41524821519851685,0.0017533112866235379
448,discovery,color-run,best_fixed,0.6035786093047651,0.4766407981580352,0.5401097037314002,0.5955255776643753,0.008221147521274452
448,discovery,dancing,best_fixed,0.5099288175802876,0.5403153482339128,0.5251220829071002,0.5468808561563492,0.002785177767974434
448,discovery,drone,best_fixed,0.27360109643469427,0.2736543131198056,0.27362770477724996,0.06527362763881683,0.0070429113929333514
448,discovery,lindy-hop,best_fixed,0.26921998617692755,0.36459085466211894,0.3169054204195233,0.29924770444631577,-0.00021056574909306125
448,discovery,lucia,best_fixed,0.7038696323199249,0.6444135981658066,0.6741416152428658,0.6831896603107452,0.002245851943127597
448,discovery,motocross-bumps,best_fixed,0.3097481771661336,0.3544695151285452,0.33210884614733943,0.36483947932720184,0.014577296887616012
448,discovery,paragliding,best_fixed,0.4609651515643358,0.561642234568428,0.5113036930663819,0.6693181842565536,0.0
448,discovery,sheep,best_fixed,0.25635575752429796,0.3704394011804185,0.3133975793523582,0.37128619849681854,0.0
448,discovery,tractor-sand,best_fixed,0.2937769208898266,0.420390070853353,0.3570834958715898,0.3655555620789528,0.0
448,discovery,bmx-bumps,rgb_selector,0.4262882743581704,0.49715029894594626,0.4617192866520583,0.1779569834470749,0.0015604713751059818
448,discovery,cat-girl,rgb_selector,0.7978337222480643,0.6446841570004529,0.7212589396242586,0.7845189869403839,0.0011950911314304036
448,discovery,classic-car,rgb_selector,0.41298554717451574,0.354436590671509,0.38371106892301243,0.41596823930740356,0.0035905118494773125
448,discovery,color-run,rgb_selector,0.6040315875092009,0.47696097062167386,0.5404962790654375,0.5963766872882843,0.008674125725710247
448,discovery,dancing,rgb_selector,0.5106510693373753,0.5480540243892502,0.5293525468633128,0.5488370358943939,0.0035074295250620557
448,discovery,drone,rgb_selector,0.27360109643469427,0.2736543131198056,0.27362770477724996,0.06527362763881683,0.0070429113929333514
448,discovery,lindy-hop,rgb_selector,0.26918596361002844,0.36524511447540675,0.3172155390427176,0.29966356605291367,-0.00024458831599219466
448,discovery,lucia,rgb_selector,0.7038696323199249,0.6444135981658066,0.6741416152428658,0.6831896603107452,0.002245851943127597
448,discovery,motocross-bumps,rgb_selector,0.30001317915279113,0.34543559293433,0.3227243860435606,0.3552241027355194,0.0048422988742735235
448,discovery,paragliding,rgb_selector,0.4609651515643358,0.561642234568428,0.5113036930663819,0.6693181842565536,0.0
448,discovery,sheep,rgb_selector,0.2516827816003433,0.37006446542514115,0.31087362351274217,0.3734756261110306,-0.0046729759239546725
448,discovery,tractor-sand,rgb_selector,0.29014156271904795,0.41670253825043413,0.35342205048474107,0.36068374663591385,-0.0036353581707786187
448,discovery,bmx-bumps,trajectory_oracle,0.4262882743581704,0.49715029894594626,0.4617192866520583,0.1779569834470749,0.0015604713751059818
448,discovery,cat-girl,trajectory_oracle,0.8000722448268269,0.6493913644938774,0.7247318046603521,0.7889957427978516,0.003433613710193073
448,discovery,classic-car,trajectory_oracle,0.4151047989142754,0.3538492095307543,0.38447700422251485,0.41524821519851685,0.005709763589236971
448,discovery,color-run,trajectory_oracle,0.607848496218032,0.4808300850796402,0.5443392906488361,0.6007916927337646,0.01249103443454136
448,discovery,dancing,trajectory_oracle,0.5174011897691748,0.5485789278533167,0.5329900588112458,0.566585123538971,0.010257549956861622
448,discovery,drone,trajectory_oracle,0.27360109643469427,0.2736543131198056,0.27362770477724996,0.06527362763881683,0.0070429113929333514
448,discovery,lindy-hop,trajectory_oracle,0.2716077442892715,0.3672774328008188,0.31944258854504515,0.30746546387672424,0.0021771923632508267
448,discovery,lucia,trajectory_oracle,0.7038696323199249,0.6444135981658066,0.6741416152428658,0.6831896603107452,0.002245851943127597
448,discovery,motocross-bumps,trajectory_oracle,0.3164788382591597,0.36050524790639144,0.3384920430827756,0.3703374117612839,0.021307957980642084
448,discovery,paragliding,trajectory_oracle,0.4609651515643358,0.561642234568428,0.5113036930663819,0.6693181842565536,0.0
448,discovery,sheep,trajectory_oracle,0.25766200154209584,0.3704394011804185,0.3140507013612572,0.3726920634508133,0.0013062440177979279
448,discovery,tractor-sand,trajectory_oracle,0.2937769208898266,0.420390070853353,0.3570834958715898,0.3655555620789528,0.0
448,discovery,bmx-bumps,visible_selector,0.4262882743581704,0.49715029894594626,0.4617192866520583,0.1779569834470749,0.0015604713751059818
448,discovery,cat-girl,visible_selector,0.7978337222480643,0.6446841570004529,0.7212589396242586,0.7845189869403839,0.0011950911314304036
448,discovery,classic-car,visible_selector,0.40927490609799966,0.35521704043371927,0.3822459732658595,0.41620875895023346,-0.00012012922703874551
448,discovery,color-run,visible_selector,0.6073915047262084,0.4806018993753528,0.5439967020507805,0.5999281406402588,0.012034042942717649
448,discovery,dancing,visible_selector,0.5106510693373753,0.5480540243892502,0.5293525468633128,0.5488370358943939,0.0035074295250620557
448,discovery,drone,visible_selector,0.27360109643469427,0.2736543131198056,0.27362770477724996,0.06527362763881683,0.0070429113929333514
448,discovery,lindy-hop,visible_selector,0.26949415090475715,0.3649652997231603,0.31722972531395865,0.3013293892145157,6.35989787365343e-05
448,discovery,lucia,visible_selector,0.7038696323199249,0.6444135981658066,0.6741416152428658,0.6831896603107452,0.002245851943127597
448,discovery,motocross-bumps,visible_selector,0.30001317915279113,0.34543559293433,0.3227243860435606,0.3552241027355194,0.0048422988742735235
448,discovery,paragliding,visible_selector,0.4609651515643358,0.561642234568428,0.5113036930663819,0.6693181842565536,0.0
448,discovery,sheep,visible_selector,0.25635575752429796,0.3704394011804185,0.3133975793523582,0.37062233686447144,0.0
448,discovery,tractor-sand,visible_selector,0.29323456046145396,0.4198933114977786,0.3565639359796162,0.3655555620789528,-0.0005423604283726347
448,validation,bear,A/A,0.8838815749846627,0.858753093503571,0.8713173342441168,0.883897453546524,0.001889063276553471
448,validation,disc-jockey,A/A,0.5798385627321091,0.4958938433686646,0.5378662030503868,0.735717236995697,0.00559655708615453
448,validation,dog-agility,A/A,0.665221702154321,0.5283703303265477,0.5967960162404343,0.6147988438606262,0.0002974918244353364
448,validation,dogs-scale,A/A,0.5166954599232639,0.44473634798863093,0.48071590395594743,0.5053241848945618,-0.0014537861526175144
448,validation,elephant,A/A,0.7886110090745971,0.666642275592246,0.7276266423334216,0.7832167744636536,-0.004806254258626297
448,validation,hike,A/A,0.7131286015314069,0.697443478290948,0.7052860399111774,0.6874657869338989,0.003184450834058883
448,validation,kid-football,A/A,0.8321843255473375,0.7335861896602416,0.7828852576037896,0.8285383880138397,-0.001049756438057825
448,validation,koala,A/A,0.8660277437969469,0.8026296279968379,0.8343286858968925,0.8634439408779144,0.00045638397320674207
448,validation,lady-running,A/A,0.3795498584229281,0.46242120200093323,0.42098553021193064,0.37679946422576904,0.00017422723571014487
448,validation,longboard,A/A,0.4001278437328324,0.44854585695591215,0.42433685034437224,0.4197714924812317,-5.2842155474908115e-06
448,validation,mallard-fly,A/A,0.5902043839925251,0.5108947264571468,0.550549555224836,0.5811101496219635,-0.00022902772492772172
448,validation,motorbike,A/A,0.166410843864431,0.21130651068380663,0.1888586772741188,0.19693280011415482,0.0
448,validation,rallye,A/A,0.27926495674424273,0.44221271175135474,0.36073883424779873,0.5777778029441833,0.0
448,validation,scooter-board,A/A,0.1431285724405161,0.22431118151478868,0.1837198769776524,0.2678571343421936,7.356400664007556e-05
448,validation,scooter-gray,A/A,0.4543335747595136,0.5494089585807742,0.5018712666701439,0.5127019137144089,0.0
448,validation,stroller,A/A,0.5876502528966552,0.6481021800351243,0.6178762164658897,0.5998552739620209,-0.0007053620259709903
448,validation,bear,ALL/ALL,0.8838815749846627,0.858753093503571,0.8713173342441168,0.883897453546524,0.001889063276553471
448,validation,disc-jockey,ALL/ALL,0.5784772076128784,0.4879821791039689,0.5332296933584236,0.7286785244941711,0.004235201966923757
448,validation,dog-agility,ALL/ALL,0.6622944016700156,0.5281957625356543,0.595245082102835,0.6175287216901779,-0.0026298086598700587
448,validation,dogs-scale,ALL/ALL,0.5180924518233918,0.44745349703252624,0.4827729744279591,0.5074276924133301,-5.679425248961145e-05
448,validation,elephant,ALL/ALL,0.7834993616994905,0.6431120817652225,0.7133057217323564,0.7702091336250305,-0.009917901633732962
448,validation,hike,ALL/ALL,0.7131286015314069,0.697443478290948,0.7052860399111774,0.6874657869338989,0.003184450834058883
448,validation,kid-football,ALL/ALL,0.832036476430349,0.7332517374563843,0.7826441069433665,0.8276192843914032,-0.0011976055550463882
448,validation,koala,ALL/ALL,0.8660277437969469,0.8026296279968379,0.8343286858968925,0.8634439408779144,0.00045638397320674207
448,validation,lady-running,ALL/ALL,0.37745811443782273,0.4588614214494753,0.418159767943649,0.37679946422576904,-0.0019175167493951928
448,validation,longboard,ALL/ALL,0.4002235657651538,0.4479875036181611,0.42410553469165746,0.41815002262592316,9.043781677386953e-05
448,validation,mallard-fly,ALL/ALL,0.5970410693482744,0.519109030392257,0.5580750498702657,0.5871342420578003,0.006607657630821662
448,validation,motorbike,ALL/ALL,0.166410843864431,0.21130651068380663,0.1888586772741188,0.1961391419172287,0.0
448,validation,rallye,ALL/ALL,0.2843650088809947,0.47965706398619057,0.3820110364335926,0.5902777910232544,0.005100052136751937
448,validation,scooter-board,ALL/ALL,0.1431285724405161,0.22431118151478868,0.1837198769776524,0.2678571343421936,7.356400664007556e-05
448,validation,scooter-gray,ALL/ALL,0.4543335747595136,0.5494089585807742,0.5018712666701439,0.5127019137144089,0.0
448,validation,stroller,ALL/ALL,0.5866488990846034,0.647896951806103,0.6172729254453532,0.5961693525314331,-0.001706715838022732
448,validation,bear,B/B,0.8838815749846627,0.858753093503571,0.8713173342441168,0.883897453546524,0.001889063276553471
448,validation,disc-jockey,B/B,0.579508917516596,0.49568739904136616,0.537598158278981,0.7341928482055664,0.005266911870641405
448,validation,dog-agility,B/B,0.6620011612799221,0.5283703303265477,0.5951857458032348,0.6106321662664413,-0.002923049049963544
448,validation,dogs-scale,B/B,0.5173549045217798,0.45149847902030665,0.48442669177104325,0.5086704790592194,-0.0007943415541016297
448,validation,elephant,B/B,0.7877809011390271,0.6638366441941743,0.7258087726666007,0.7858514785766602,-0.0056363621941963316
448,validation,hike,B/B,0.7131286015314069,0.697443478290948,0.7052860399111774,0.6874657869338989,0.003184450834058883
448,validation,kid-football,B/B,0.8320213481488317,0.7323062723452991,0.7821638102470654,0.8239929378032684,-0.0012127338365636176
448,validation,koala,B/B,0.8654471196257272,0.8022480885831883,0.8338476041044578,0.8656961917877197,-0.0001242401980130481
448,validation,lady-running,B/B,0.37928185785938107,0.46025067222698224,0.41976626504318165,0.37679946422576904,-9.377332783691572e-05
448,validation,longboard,B/B,0.39929549173715523,0.4477432052302272,0.4235193484836912,0.41876138746738434,-0.0008376362112246794
448,validation,mallard-fly,B/B,0.5902043839925251,0.5108947264571468,0.550549555224836,0.5811101496219635,-0.00022902772492772172
448,validation,motorbike,B/B,0.166410843864431,0.21130651068380663,0.1888586772741188,0.1961391419172287,0.0
448,validation,rallye,B/B,0.27926495674424273,0.44221271175135474,0.36073883424779873,0.5777778029441833,0.0
448,validation,scooter-board,B/B,0.1431285724405161,0.22431118151478868,0.1837198769776524,0.2678571343421936,7.356400664007556e-05
448,validation,scooter-gray,B/B,0.4543335747595136,0.5494089585807742,0.5018712666701439,0.5127019137144089,0.0
448,validation,stroller,B/B,0.5866488990846034,0.647896951806103,0.6172729254453532,0.5961693525314331,-0.001706715838022732
448,validation,bear,OFF,0.8819925117081092,0.8480071917792087,0.8649998517436589,0.883897453546524,0.0
448,validation,disc-jockey,OFF,0.5742420056459545,0.49325606619766194,0.5337490359218082,0.7214687764644623,0.0
448,validation,dog-agility,OFF,0.6649242103298857,0.5271004142883087,0.5960123123090971,0.6147988438606262,0.0
448,validation,dogs-scale,OFF,0.5181492460758814,0.4555235966287014,0.48683642135229144,0.5101446211338043,0.0
448,validation,elephant,OFF,0.7934172633332235,0.6760097079384592,0.7347134856358413,0.7856248021125793,0.0
448,validation,hike,OFF,0.7099441506973481,0.6835408038650326,0.6967424772811903,0.6813290417194366,0.0
448,validation,kid-football,OFF,0.8332340819853953,0.7347190986864807,0.7839765903359379,0.8276192843914032,0.0
448,validation,koala,OFF,0.8655713598237402,0.802734899864164,0.8341531298439521,0.8676325082778931,0.0
448,validation,lady-running,OFF,0.37937563118721795,0.46220474243052456,0.42079018680887126,0.3735632300376892,0.0
448,validation,longboard,OFF,0.4001331279483799,0.44792681483602304,0.42402997139220144,0.4199753403663635,0.0
448,validation,mallard-fly,OFF,0.5904334117174528,0.5105287766109822,0.5504810941642175,0.5773809552192688,0.0
448,validation,motorbike,OFF,0.166410843864431,0.21130651068380663,0.1888586772741188,0.19693280011415482,0.0
448,validation,rallye,OFF,0.27926495674424273,0.44221271175135474,0.36073883424779873,0.5777778029441833,0.0
448,validation,scooter-board,OFF,0.14305500843387603,0.22431118151478868,0.18368309497433236,0.2678571343421936,0.0
448,validation,scooter-gray,OFF,0.4543335747595136,0.5494089585807742,0.5018712666701439,0.5127019137144089,0.0
448,validation,stroller,OFF,0.5883556149226261,0.6475697466211384,0.6179626807718823,0.5951303839683533,0.0
448,validation,bear,best_constant_oracle,0.8838815749846627,0.858753093503571,0.8713173342441168,0.883897453546524,0.001889063276553471
448,validation,disc-jockey,best_constant_oracle,0.5817979739909234,0.49669732387407484,0.5392476489324991,0.7382144033908844,0.007555968344968855
448,validation,dog-agility,best_constant_oracle,0.6655149425444145,0.5281957625356543,0.5968553525400344,0.6216953992843628,0.0005907322145288219
448,validation,dogs-scale,best_constant_oracle,0.5182589108963473,0.4555428284370968,0.48690086966672214,0.5101446211338043,0.00010966482046587123
448,validation,elephant,best_constant_oracle,0.7934172633332235,0.6760097079384592,0.7347134856358413,0.7856248021125793,0.0
448,validation,hike,best_constant_oracle,0.7131493682382225,0.697443478290948,0.7052964232645853,0.6874657869338989,0.0032052175408744943
448,validation,kid-football,best_constant_oracle,0.8332340819853953,0.7347190986864807,0.7839765903359379,0.8276192843914032,0.0
448,validation,koala,best_constant_oracle,0.8660277437969469,0.8026296279968379,0.8343286858968925,0.8634439408779144,0.00045638397320674207
448,validation,lady-running,best_constant_oracle,0.37962071998354674,0.4622603709454875,0.4209405454645171,0.37679946422576904,0.00024508879632875735
448,validation,longboard,best_constant_oracle,0.40046819750280394,0.4488347695298119,0.4246514835163079,0.42078161239624023,0.0003350695544240001
448,validation,mallard-fly,best_constant_oracle,0.597268032784869,0.519109030392257,0.558188531588563,0.5871342420578003,0.0068346210674162244
448,validation,motorbike,best_constant_oracle,0.166410843864431,0.21130651068380663,0.1888586772741188,0.19693280011415482,0.0
448,validation,rallye,best_constant_oracle,0.2843650088809947,0.47965706398619057,0.3820110364335926,0.5902777910232544,0.005100052136751937
448,validation,scooter-board,best_constant_oracle,0.1431285724405161,0.22431118151478868,0.1837198769776524,0.2678571343421936,7.356400664007556e-05
448,validation,scooter-gray,best_constant_oracle,0.4543335747595136,0.5494089585807742,0.5018712666701439,0.5127019137144089,0.0
448,validation,stroller,best_constant_oracle,0.5891753844871312,0.6506487733091562,0.6199120788981437,0.6015406548976898,0.0008197695645050795
448,validation,bear,best_fixed,0.8838815749846627,0.858753093503571,0.8713173342441168,0.883897453546524,0.001889063276553471
448,validation,disc-jockey,best_fixed,0.5795503873908815,0.49669477857003286,0.5381225829804572,0.7366690039634705,0.005308381744926954
448,validation,dog-agility,best_fixed,0.6620011612799221,0.5283703303265477,0.5951857458032348,0.6106321662664413,-0.002923049049963544
448,validation,dogs-scale,best_fixed,0.5181574494281429,0.4540643931849218,0.48611092130653244,0.5100134313106537,8.203352261482166e-06
448,validation,elephant,best_fixed,0.7844448913667827,0.6595554669375279,0.7220001791521553,0.7762697339057922,-0.00897237196644074
448,validation,hike,best_fixed,0.708620917952327,0.6911853440147762,0.6999031309835515,0.6788451075553894,-0.0013232327450210524
448,validation,kid-football,best_fixed,0.8324497360705464,0.7335861896602416,0.783017962865394,0.8285383880138397,-0.0007843459148488829
448,validation,koala,best_fixed,0.8665086833146229,0.8041383991417215,0.8353235412281721,0.8676325082778931,0.0009373234908827133
448,validation,lady-running,best_fixed,0.3794367063242165,0.4612696235737428,0.4203531649489796,0.3784651905298233,6.107513699854517e-05
448,validation,longboard,best_fixed,0.3998832119951823,0.44769859104426135,0.4237909015197218,0.4171399027109146,-0.0002499159531976214
448,validation,mallard-fly,best_fixed,0.5898549406930562,0.5038902625874206,0.5468726016402384,0.5773809552192688,-0.0005784710243966207
448,validation,motorbike,best_fixed,0.166410843864431,0.21130651068380663,0.1888586772741188,0.1961391419172287,0.0
448,validation,rallye,best_fixed,0.2843650088809947,0.47965706398619057,0.3820110364335926,0.5902777910232544,0.005100052136751937
448,validation,scooter-board,best_fixed,0.1431285724405161,0.22431118151478868,0.1837198769776524,0.2678571343421936,7.356400664007556e-05
448,validation,scooter-gray,best_fixed,0.4543335747595136,0.5494089585807742,0.5018712666701439,0.5127019137144089,0.0
448,validation,stroller,best_fixed,0.5866488990846034,0.647896951806103,0.6172729254453532,0.5961693525314331,-0.001706715838022732
448,validation,bear,rgb_selector,0.8838815749846627,0.858753093503571,0.8713173342441168,0.883897453546524,0.001889063276553471
448,validation,disc-jockey,rgb_selector,0.5790458975475594,0.4948540161282867,0.536949956837923,0.7352190613746643,0.004803891901604823
448,validation,dog-agility,rgb_selector,0.6622944016700156,0.5281957625356543,0.595245082102835,0.6175287216901779,-0.0026298086598700587
448,validation,dogs-scale,rgb_selector,0.5180924518233918,0.44745349703252624,0.4827729744279591,0.5074276924133301,-5.679425248961145e-05
448,validation,elephant,rgb_selector,0.7834993616994905,0.6431120817652225,0.7133057217323564,0.7702091336250305,-0.009917901633732962
448,validation,hike,rgb_selector,0.708620917952327,0.6911853440147762,0.6999031309835515,0.6788451075553894,-0.0013232327450210524
448,validation,kid-football,rgb_selector,0.832036476430349,0.7332517374563843,0.7826441069433665,0.8276192843914032,-0.0011976055550463882
448,validation,koala,rgb_selector,0.8658442670791284,0.8026296279968379,0.8342369475379833,0.8656961917877197,0.0002729072553883105
448,validation,lady-running,rgb_selector,0.37745811443782273,0.4588614214494753,0.418159767943649,0.37679946422576904,-0.0019175167493951928
448,validation,longboard,rgb_selector,0.39926075273903416,0.4470430700495589,0.42315191139429653,0.41612979769706726,-0.000872375209345716
448,validation,mallard-fly,rgb_selector,0.5899774205559305,0.5108947264571468,0.5504360735065387,0.5811101496219635,-0.00045599116152228447
448,validation,motorbike,rgb_selector,0.166410843864431,0.21130651068380663,0.1888586772741188,0.1961391419172287,0.0
448,validation,rallye,rgb_selector,0.2843650088809947,0.47965706398619057,0.3820110364335926,0.5902777910232544,0.005100052136751937
448,validation,scooter-board,rgb_selector,0.1431285724405161,0.22431118151478868,0.1837198769776524,0.2678571343421936,7.356400664007556e-05
448,validation,scooter-gray,rgb_selector,0.4543335747595136,0.5494089585807742,0.5018712666701439,0.5127019137144089,0.0
448,validation,stroller,rgb_selector,0.5866488990846034,0.647896951806103,0.6172729254453532,0.5961693525314331,-0.001706715838022732
448,validation,bear,trajectory_oracle,0.8838815749846627,0.858753093503571,0.8713173342441168,0.883897453546524,0.001889063276553471
448,validation,disc-jockey,trajectory_oracle,0.5817979739909234,0.49669732387407484,0.5392476489324991,0.7382144033908844,0.007555968344968855
448,validation,dog-agility,trajectory_oracle,0.6655149425444145,0.5281957625356543,0.5968553525400344,0.6216953992843628,0.0005907322145288219
448,validation,dogs-scale,trajectory_oracle,0.5185482856919998,0.45490235792910316,0.48672532181055156,0.5103856325149536,0.00039903961611836847
448,validation,elephant,trajectory_oracle,0.79401180262444,0.6791744906179107,0.7365931466211754,0.7861976027488708,0.0005945392912166114
448,validation,hike,trajectory_oracle,0.7131493682382225,0.697443478290948,0.7052964232645853,0.6874657869338989,0.0032052175408744943
448,validation,kid-football,trajectory_oracle,0.8332434822486026,0.7347313160178313,0.7839873991332169,0.8276192843914032,9.400263207337556e-06
448,validation,koala,trajectory_oracle,0.8666659139290367,0.8042163207972081,0.8354411173631223,0.8654865622520447,0.001094554105296519
448,validation,lady-running,trajectory_oracle,0.37962071998354674,0.4622603709454875,0.4209405454645171,0.37679946422576904,0.00024508879632875735
448,validation,longboard,trajectory_oracle,0.40050567206972093,0.4490277512369457,0.4247667116533333,0.42078161239624023,0.000372544121341023
448,validation,mallard-fly,trajectory_oracle,0.597268032784869,0.519109030392257,0.558188531588563,0.5871342420578003,0.0068346210674162244
448,validation,motorbike,trajectory_oracle,0.166410843864431,0.21130651068380663,0.1888586772741188,0.19693280011415482,0.0
448,validation,rallye,trajectory_oracle,0.2843650088809947,0.47965706398619057,0.3820110364335926,0.5902777910232544,0.005100052136751937
448,validation,scooter-board,trajectory_oracle,0.1515666437684328,0.24509403174171257,0.1983303377550727,0.2797619104385376,0.00851163533455676
448,validation,scooter-gray,trajectory_oracle,0.4543335747595136,0.5494089585807742,0.5018712666701439,0.5127019137144089,0.0
448,validation,stroller,trajectory_oracle,0.5911742215619827,0.6507165438869569,0.6209453827244698,0.6015406548976898,0.0028186066393566245
448,validation,bear,visible_selector,0.8838815749846627,0.858753093503571,0.8713173342441168,0.883897453546524,0.001889063276553471
448,validation,disc-jockey,visible_selector,0.5792153576619311,0.4887544306830538,0.5339848941724925,0.7282946705818176,0.004973352015976568
448,validation,dog-agility,visible_selector,0.6620011612799221,0.5283703303265477,0.5951857458032348,0.6106321662664413,-0.002923049049963544
448,validation,dogs-scale,visible_selector,0.5180924518233918,0.44745349703252624,0.4827729744279591,0.5074276924133301,-5.679425248961145e-05
448,validation,elephant,visible_selector,0.7834993616994905,0.6431120817652225,0.7133057217323564,0.7702091336250305,-0.009917901633732962
448,validation,hike,visible_selector,0.7086416846591426,0.6911853440147762,0.6999135143369595,0.6788451075553894,-0.001302466038205441
448,validation,kid-football,visible_selector,0.8321987267418636,0.7335861896602416,0.7828924582010526,0.8285383880138397,-0.0010353552435317104
448,validation,koala,visible_selector,0.8658442670791284,0.8026296279968379,0.8342369475379833,0.8656961917877197,0.0002729072553883105
448,validation,lady-running,visible_selector,0.3778132255210598,0.45907123747330514,0.41844223149718246,0.37679946422576904,-0.0015624056661581454
448,validation,longboard,visible_selector,0.39926075273903416,0.4470430700495589,0.42315191139429653,0.41612979769706726,-0.000872375209345716
448,validation,mallard-fly,visible_selector,0.5899774205559305,0.5108947264571468,0.5504360735065387,0.5811101496219635,-0.00045599116152228447
448,validation,motorbike,visible_selector,0.166410843864431,0.21130651068380663,0.1888586772741188,0.1961391419172287,0.0
448,validation,rallye,visible_selector,0.2843650088809947,0.47965706398619057,0.3820110364335926,0.5902777910232544,0.005100052136751937
448,validation,scooter-board,visible_selector,0.1431285724405161,0.22431118151478868,0.1837198769776524,0.2678571343421936,7.356400664007556e-05
448,validation,scooter-gray,visible_selector,0.4543335747595136,0.5494089585807742,0.5018712666701439,0.5127019137144089,0.0
448,validation,stroller,visible_selector,0.5866488990846034,0.647896951806103,0.6172729254453532,0.5961693525314331,-0.001706715838022732
