action,cohort,continuation_id,coverage,coverage_definition,depth_absrel,depth_delta1,depth_rmse,depth_valid_count,history,lpips,lpips_status,opacity,predicted_positive_depth_fraction,query_camera_hash,query_id,region_pixel_count,rgb_mse,rgb_psnr,rgb_psnr_perfect,rgb_ssim,rgb_ssim_definition,scene_id,split,valid_depth_fraction
OFF,frame_holdout,7,1.0,predicted_opacity_gt_1e-6_not_true_visibility,0.40595957081322276,0.648046875,1.094076429826897,20480,FC,,NOT_IMPLEMENTED,0.9942332244041608,1.0,21ffbd40ef64633f01f22a7c13051d60f6d8c177ea91c26afd426bd66b466955,8,20480,0.05118723645647758,12.908383169060983,False,0.36474098680465483,gaussian_sigma1.5_population_reflect_full_image_range1,ai_001_001,train,1.0
FUSE,frame_holdout,7,1.0,predicted_opacity_gt_1e-6_not_true_visibility,0.4055860919930948,0.662109375,1.0886015310050896,20480,FC,,NOT_IMPLEMENTED,0.9942752057599137,1.0,21ffbd40ef64633f01f22a7c13051d60f6d8c177ea91c26afd426bd66b466955,8,20480,0.05182719619617569,12.854422854584861,False,0.3608550740811377,gaussian_sigma1.5_population_reflect_full_image_range1,ai_001_001,train,1.0
COMPLETE,frame_holdout,7,1.0,predicted_opacity_gt_1e-6_not_true_visibility,0.40523866614004866,0.647802734375,1.092820343050155,20480,FC,,NOT_IMPLEMENTED,0.9942494233022444,1.0,21ffbd40ef64633f01f22a7c13051d60f6d8c177ea91c26afd426bd66b466955,8,20480,0.05090334569679391,12.932536720855632,False,0.36569136985759243,gaussian_sigma1.5_population_reflect_full_image_range1,ai_001_001,train,1.0
ALL,frame_holdout,7,1.0,predicted_opacity_gt_1e-6_not_true_visibility,0.40487995327033366,0.661474609375,1.0873345456738936,20480,FC,,NOT_IMPLEMENTED,0.9942900084279245,1.0,21ffbd40ef64633f01f22a7c13051d60f6d8c177ea91c26afd426bd66b466955,8,20480,0.05153054033574225,12.879353036169203,False,0.3618605224057304,gaussian_sigma1.5_population_reflect_full_image_range1,ai_001_001,train,1.0
OFF,frame_holdout,7,1.0,predicted_opacity_gt_1e-6_not_true_visibility,0.42211172427860344,0.64150390625,1.1278104869166878,20480,CF,,NOT_IMPLEMENTED,0.9927427491085836,1.0,21ffbd40ef64633f01f22a7c13051d60f6d8c177ea91c26afd426bd66b466955,8,20480,0.05484841334823619,12.608359311534885,False,0.3567515232613685,gaussian_sigma1.5_population_reflect_full_image_range1,ai_001_001,train,1.0
FUSE,frame_holdout,7,1.0,predicted_opacity_gt_1e-6_not_true_visibility,0.4328354493350578,0.63046875,1.159332239792804,20480,CF,,NOT_IMPLEMENTED,0.9923019655165263,1.0,21ffbd40ef64633f01f22a7c13051d60f6d8c177ea91c26afd426bd66b466955,8,20480,0.05629416853453559,12.495365910179546,False,0.35099118657352846,gaussian_sigma1.5_population_reflect_full_image_range1,ai_001_001,train,1.0
COMPLETE,frame_holdout,7,1.0,predicted_opacity_gt_1e-6_not_true_visibility,0.4212777883671925,0.6435546875,1.1262711697728796,20480,CF,,NOT_IMPLEMENTED,0.9927628420176916,1.0,21ffbd40ef64633f01f22a7c13051d60f6d8c177ea91c26afd426bd66b466955,8,20480,0.05444166306689599,12.640686165740638,False,0.35797406418461347,gaussian_sigma1.5_population_reflect_full_image_range1,ai_001_001,train,1.0
ALL,frame_holdout,7,1.0,predicted_opacity_gt_1e-6_not_true_visibility,0.4319714217631928,0.632763671875,1.1577502484754927,20480,CF,,NOT_IMPLEMENTED,0.9923218860232736,1.0,21ffbd40ef64633f01f22a7c13051d60f6d8c177ea91c26afd426bd66b466955,8,20480,0.05591460808948458,12.52474714763903,False,0.3521733643521883,gaussian_sigma1.5_population_reflect_full_image_range1,ai_001_001,train,1.0
OFF,frame_holdout,7,1.0,predicted_opacity_gt_1e-6_not_true_visibility,0.24576062996095566,0.68984375,1.087413293666464,20480,FC,,NOT_IMPLEMENTED,0.9669837023080617,1.0,b5dee11a1865fc8be8791a7231407f474fb9f4bb202755d03bf547d8fd97a8a0,9,20480,0.05318403001687456,12.742187571176949,False,0.3720585645690644,gaussian_sigma1.5_population_reflect_full_image_range1,ai_001_001,train,1.0
FUSE,frame_holdout,7,1.0,predicted_opacity_gt_1e-6_not_true_visibility,0.25093386079996843,0.686474609375,1.1125394589833413,20480,FC,,NOT_IMPLEMENTED,0.9641103015324916,1.0,b5dee11a1865fc8be8791a7231407f474fb9f4bb202755d03bf547d8fd97a8a0,9,20480,0.05487082658478725,12.606584974582303,False,0.3654544108716863,gaussian_sigma1.5_population_reflect_full_image_range1,ai_001_001,train,1.0
COMPLETE,frame_holdout,7,1.0,predicted_opacity_gt_1e-6_not_true_visibility,0.24551810158560575,0.68974609375,1.0871754241417286,20480,FC,,NOT_IMPLEMENTED,0.9669837890054623,1.0,b5dee11a1865fc8be8791a7231407f474fb9f4bb202755d03bf547d8fd97a8a0,9,20480,0.052928591991073616,12.763096589775698,False,0.37283758873236306,gaussian_sigma1.5_population_reflect_full_image_range1,ai_001_001,train,1.0
ALL,frame_holdout,7,1.0,predicted_opacity_gt_1e-6_not_true_visibility,0.25069627567463837,0.68662109375,1.1122812626727014,20480,FC,,NOT_IMPLEMENTED,0.9641103906920762,1.0,b5dee11a1865fc8be8791a7231407f474fb9f4bb202755d03bf547d8fd97a8a0,9,20480,0.054607735376147486,12.627458336097776,False,0.366254406818542,gaussian_sigma1.5_population_reflect_full_image_range1,ai_001_001,train,1.0
OFF,frame_holdout,7,1.0,predicted_opacity_gt_1e-6_not_true_visibility,0.26502280980800813,0.673388671875,1.1609466832080615,20480,CF,,NOT_IMPLEMENTED,0.9634832575684413,1.0,b5dee11a1865fc8be8791a7231407f474fb9f4bb202755d03bf547d8fd97a8a0,9,20480,0.05716115084875638,12.428990359651655,False,0.3594271300269477,gaussian_sigma1.5_population_reflect_full_image_range1,ai_001_001,train,1.0
FUSE,frame_holdout,7,1.0,predicted_opacity_gt_1e-6_not_true_visibility,0.284574722031581,0.6501953125,1.2383402175562055,20480,CF,,NOT_IMPLEMENTED,0.9597109173155332,1.0,b5dee11a1865fc8be8791a7231407f474fb9f4bb202755d03bf547d8fd97a8a0,9,20480,0.06010124772048309,12.211165118159634,False,0.35086167759530346,gaussian_sigma1.5_population_reflect_full_image_range1,ai_001_001,train,1.0
COMPLETE,frame_holdout,7,1.0,predicted_opacity_gt_1e-6_not_true_visibility,0.2646797110281856,0.673388671875,1.1604732093696806,20480,CF,,NOT_IMPLEMENTED,0.9634833445277764,1.0,b5dee11a1865fc8be8791a7231407f474fb9f4bb202755d03bf547d8fd97a8a0,9,20480,0.056796125445441846,12.456812902583263,False,0.36038715322752474,gaussian_sigma1.5_population_reflect_full_image_range1,ai_001_001,train,1.0
ALL,frame_holdout,7,1.0,predicted_opacity_gt_1e-6_not_true_visibility,0.2842028476022641,0.650830078125,1.2377752779515194,20480,CF,,NOT_IMPLEMENTED,0.9597110101305588,1.0,b5dee11a1865fc8be8791a7231407f474fb9f4bb202755d03bf547d8fd97a8a0,9,20480,0.05976581725305181,12.235471374653526,False,0.35169924653487805,gaussian_sigma1.5_population_reflect_full_image_range1,ai_001_001,train,1.0
OFF,training_query,7,1.0,predicted_opacity_gt_1e-6_not_true_visibility,0.33515779517318567,0.52607421875,1.0705412357945316,20480,FC,,NOT_IMPLEMENTED,0.9984787542343838,1.0,f82409fa6e14bf4dcab331f3d396cd66c776a0445696a0cf14a6c4129c74251f,12,20480,0.09988947728895804,10.004802594821193,False,0.3272050728717293,gaussian_sigma1.5_population_reflect_full_image_range1,ai_001_001,train,1.0
FUSE,training_query,7,1.0,predicted_opacity_gt_1e-6_not_true_visibility,0.3273577158921091,0.5333984375,1.0482381828585574,20480,FC,,NOT_IMPLEMENTED,0.9991677862271899,1.0,f82409fa6e14bf4dcab331f3d396cd66c776a0445696a0cf14a6c4129c74251f,12,20480,0.09943944018871924,10.02441329294353,False,0.3253256190564696,gaussian_sigma1.5_population_reflect_full_image_range1,ai_001_001,train,1.0
COMPLETE,training_query,7,1.0,predicted_opacity_gt_1e-6_not_true_visibility,0.3332896480156488,0.531396484375,1.0663082603995953,20480,FC,,NOT_IMPLEMENTED,0.9984787540364778,1.0,f82409fa6e14bf4dcab331f3d396cd66c776a0445696a0cf14a6c4129c74251f,12,20480,0.0994959641935056,10.021945349732455,False,0.3285758364293004,gaussian_sigma1.5_population_reflect_full_image_range1,ai_001_001,train,1.0
ALL,training_query,7,1.0,predicted_opacity_gt_1e-6_not_true_visibility,0.32554364262843655,0.538525390625,1.0442255106890688,20480,FC,,NOT_IMPLEMENTED,0.9991677863785299,1.0,f82409fa6e14bf4dcab331f3d396cd66c776a0445696a0cf14a6c4129c74251f,12,20480,0.09906909910783766,10.040617862784076,False,0.32663429801343835,gaussian_sigma1.5_population_reflect_full_image_range1,ai_001_001,train,1.0
OFF,training_query,7,1.0,predicted_opacity_gt_1e-6_not_true_visibility,0.35294771428961064,0.492333984375,1.1123607463320127,20480,CF,,NOT_IMPLEMENTED,0.996887409282499,1.0,f82409fa6e14bf4dcab331f3d396cd66c776a0445696a0cf14a6c4129c74251f,12,20480,0.10334874834766081,9.85694778727025,False,0.31810113196468964,gaussian_sigma1.5_population_reflect_full_image_range1,ai_001_001,train,1.0
FUSE,training_query,7,1.0,predicted_opacity_gt_1e-6_not_true_visibility,0.34991289832681094,0.492431640625,1.1015063058271244,20480,CF,,NOT_IMPLEMENTED,0.9980536462564487,1.0,f82409fa6e14bf4dcab331f3d396cd66c776a0445696a0cf14a6c4129c74251f,12,20480,0.10306469065850749,9.868900959061012,False,0.31576970571682755,gaussian_sigma1.5_population_reflect_full_image_range1,ai_001_001,train,1.0
COMPLETE,training_query,7,1.0,predicted_opacity_gt_1e-6_not_true_visibility,0.35084402470662923,0.49794921875,1.1077442256132304,20480,CF,,NOT_IMPLEMENTED,0.9968874093872728,1.0,f82409fa6e14bf4dcab331f3d396cd66c776a0445696a0cf14a6c4129c74251f,12,20480,0.10287113430695898,9.877064713976564,False,0.319711707884394,gaussian_sigma1.5_population_reflect_full_image_range1,ai_001_001,train,1.0
ALL,training_query,7,1.0,predicted_opacity_gt_1e-6_not_true_visibility,0.34780630271301377,0.4962890625,1.0971066597137213,20480,CF,,NOT_IMPLEMENTED,0.998053645787877,1.0,f82409fa6e14bf4dcab331f3d396cd66c776a0445696a0cf14a6c4129c74251f,12,20480,0.10264878333980086,9.886461938037861,False,0.31725218477188205,gaussian_sigma1.5_population_reflect_full_image_range1,ai_001_001,train,1.0
OFF,training_query,7,1.0,predicted_opacity_gt_1e-6_not_true_visibility,0.18384824197020116,0.779541015625,0.5269823110392573,20480,FC,,NOT_IMPLEMENTED,0.8303852894474403,1.0,7bb29de6287ffb4f644be8afa27c5a792b36f0942af97f228b32117fe0f60a57,13,20480,0.03273662316753979,14.849661207499503,False,0.5331595880026944,gaussian_sigma1.5_population_reflect_full_image_range1,ai_001_001,train,1.0
FUSE,training_query,7,1.0,predicted_opacity_gt_1e-6_not_true_visibility,0.19118375094469703,0.762646484375,0.553871787448669,20480,FC,,NOT_IMPLEMENTED,0.820848113871034,1.0,7bb29de6287ffb4f644be8afa27c5a792b36f0942af97f228b32117fe0f60a57,13,20480,0.03495771656353916,14.564569432070392,False,0.5238987005660468,gaussian_sigma1.5_population_reflect_full_image_range1,ai_001_001,train,1.0
COMPLETE,training_query,7,1.0,predicted_opacity_gt_1e-6_not_true_visibility,0.18373209899752974,0.779248046875,0.526754777759053,20480,FC,,NOT_IMPLEMENTED,0.830389181135979,1.0,7bb29de6287ffb4f644be8afa27c5a792b36f0942af97f228b32117fe0f60a57,13,20480,0.032591182255283825,14.868998850815533,False,0.5337477003775759,gaussian_sigma1.5_population_reflect_full_image_range1,ai_001_001,train,1.0
ALL,training_query,7,1.0,predicted_opacity_gt_1e-6_not_true_visibility,0.19105077334877552,0.76396484375,0.5535726047275609,20480,FC,,NOT_IMPLEMENTED,0.8208520245469118,1.0,7bb29de6287ffb4f644be8afa27c5a792b36f0942af97f228b32117fe0f60a57,13,20480,0.034792674171910586,14.585121900086225,False,0.5245613187050381,gaussian_sigma1.5_population_reflect_full_image_range1,ai_001_001,train,1.0
OFF,training_query,7,1.0,predicted_opacity_gt_1e-6_not_true_visibility,0.2047317019791633,0.726513671875,0.5876498014775569,20480,CF,,NOT_IMPLEMENTED,0.8157965512218652,1.0,7bb29de6287ffb4f644be8afa27c5a792b36f0942af97f228b32117fe0f60a57,13,20480,0.03712448708079592,14.303395379311304,False,0.5101931693040782,gaussian_sigma1.5_population_reflect_full_image_range1,ai_001_001,train,1.0
FUSE,training_query,7,1.0,predicted_opacity_gt_1e-6_not_true_visibility,0.22877510236399906,0.648876953125,0.6594180645930391,20480,CF,,NOT_IMPLEMENTED,0.7965460595580225,1.0,7bb29de6287ffb4f644be8afa27c5a792b36f0942af97f228b32117fe0f60a57,13,20480,0.04267979154672393,13.697777103892879,False,0.49032187240587904,gaussian_sigma1.5_population_reflect_full_image_range1,ai_001_001,train,1.0
COMPLETE,training_query,7,1.0,predicted_opacity_gt_1e-6_not_true_visibility,0.20450025104326164,0.728857421875,0.5870611146682707,20480,CF,,NOT_IMPLEMENTED,0.8158200725185452,1.0,7bb29de6287ffb4f644be8afa27c5a792b36f0942af97f228b32117fe0f60a57,13,20480,0.036889403226955705,14.330983704532308,False,0.5111501001412971,gaussian_sigma1.5_population_reflect_full_image_range1,ai_001_001,train,1.0
ALL,training_query,7,1.0,predicted_opacity_gt_1e-6_not_true_visibility,0.22850027175325635,0.6509765625,0.6587095627884657,20480,CF,,NOT_IMPLEMENTED,0.7965707394607306,1.0,7bb29de6287ffb4f644be8afa27c5a792b36f0942af97f228b32117fe0f60a57,13,20480,0.04244535069068091,13.72169873852635,False,0.49124005085313294,gaussian_sigma1.5_population_reflect_full_image_range1,ai_001_001,train,1.0
OFF,training_query,7,1.0,predicted_opacity_gt_1e-6_not_true_visibility,0.3033013498011929,0.666015625,0.948405805895705,20480,FC,,NOT_IMPLEMENTED,0.92158147993905,1.0,bc4cc1ffce4e18906f5670704d822a53159e28d73eeb9ea35a9d42cce4c7bc9f,14,20480,0.04852229988645676,13.140586223906809,False,0.4662638804014152,gaussian_sigma1.5_population_reflect_full_image_range1,ai_001_001,train,1.0
FUSE,training_query,7,1.0,predicted_opacity_gt_1e-6_not_true_visibility,0.30602630417623433,0.65224609375,0.9471933796740646,20480,FC,,NOT_IMPLEMENTED,0.9165928924507171,1.0,bc4cc1ffce4e18906f5670704d822a53159e28d73eeb9ea35a9d42cce4c7bc9f,14,20480,0.05011859367577397,13.000011237796429,False,0.46022083323281265,gaussian_sigma1.5_population_reflect_full_image_range1,ai_001_001,train,1.0
COMPLETE,training_query,7,1.0,predicted_opacity_gt_1e-6_not_true_visibility,0.3024471868875985,0.6662109375,0.9453762002268276,20480,FC,,NOT_IMPLEMENTED,0.92213096471678,1.0,bc4cc1ffce4e18906f5670704d822a53159e28d73eeb9ea35a9d42cce4c7bc9f,14,20480,0.048047942115865966,13.18325208346375,False,0.46750256301425125,gaussian_sigma1.5_population_reflect_full_image_range1,ai_001_001,train,1.0
ALL,training_query,7,1.0,predicted_opacity_gt_1e-6_not_true_visibility,0.30521368991715414,0.65234375,0.9443274435240115,20480,FC,,NOT_IMPLEMENTED,0.9171374141056731,1.0,bc4cc1ffce4e18906f5670704d822a53159e28d73eeb9ea35a9d42cce4c7bc9f,14,20480,0.049626591099662144,13.042855559018564,False,0.46154954245136653,gaussian_sigma1.5_population_reflect_full_image_range1,ai_001_001,train,1.0
OFF,training_query,7,1.0,predicted_opacity_gt_1e-6_not_true_visibility,0.32206115233065613,0.632373046875,0.9874298871111199,20480,CF,,NOT_IMPLEMENTED,0.9081882471989957,1.0,bc4cc1ffce4e18906f5670704d822a53159e28d73eeb9ea35a9d42cce4c7bc9f,14,20480,0.05333927619012628,12.729528819488596,False,0.44573789507039085,gaussian_sigma1.5_population_reflect_full_image_range1,ai_001_001,train,1.0
FUSE,training_query,7,1.0,predicted_opacity_gt_1e-6_not_true_visibility,0.3360181379329571,0.592626953125,1.015630418064464,20480,CF,,NOT_IMPLEMENTED,0.8994571355422523,1.0,bc4cc1ffce4e18906f5670704d822a53159e28d73eeb9ea35a9d42cce4c7bc9f,14,20480,0.05699587771729931,12.44156553965583,False,0.43387423871790787,gaussian_sigma1.5_population_reflect_full_image_range1,ai_001_001,train,1.0
COMPLETE,training_query,7,1.0,predicted_opacity_gt_1e-6_not_true_visibility,0.32100248249680974,0.6328125,0.9836745989758785,20480,CF,,NOT_IMPLEMENTED,0.9088088751552277,1.0,bc4cc1ffce4e18906f5670704d822a53159e28d73eeb9ea35a9d42cce4c7bc9f,14,20480,0.05273479988320426,12.779026977009877,False,0.44736362846596406,gaussian_sigma1.5_population_reflect_full_image_range1,ai_001_001,train,1.0
ALL,training_query,7,1.0,predicted_opacity_gt_1e-6_not_true_visibility,0.3350364386043453,0.59443359375,1.0120508000578392,20480,CF,,NOT_IMPLEMENTED,0.9000744086966733,1.0,bc4cc1ffce4e18906f5670704d822a53159e28d73eeb9ea35a9d42cce4c7bc9f,14,20480,0.05640389309288322,12.48690919236406,False,0.43538472522040667,gaussian_sigma1.5_population_reflect_full_image_range1,ai_001_001,train,1.0
OFF,training_query,7,1.0,predicted_opacity_gt_1e-6_not_true_visibility,0.32854705839626286,0.547119140625,0.8373084197085945,20480,FC,,NOT_IMPLEMENTED,0.9477389509720524,1.0,bdf68d7ba04eefdbd08ef81b851ab0f608135e1a8e590a58af135362190160bd,15,20480,0.059678491353891805,12.241821641708,False,0.4770937386024664,gaussian_sigma1.5_population_reflect_full_image_range1,ai_001_001,train,1.0
FUSE,training_query,7,1.0,predicted_opacity_gt_1e-6_not_true_visibility,0.31756906172436045,0.561572265625,0.8244144721030583,20480,FC,,NOT_IMPLEMENTED,0.9487591811888706,1.0,bdf68d7ba04eefdbd08ef81b851ab0f608135e1a8e590a58af135362190160bd,15,20480,0.06082170360776599,12.159414194912914,False,0.4725599852733888,gaussian_sigma1.5_population_reflect_full_image_range1,ai_001_001,train,1.0
COMPLETE,training_query,7,1.0,predicted_opacity_gt_1e-6_not_true_visibility,0.3281247466941136,0.54638671875,0.8352573084343562,20480,FC,,NOT_IMPLEMENTED,0.9484005674541549,1.0,bdf68d7ba04eefdbd08ef81b851ab0f608135e1a8e590a58af135362190160bd,15,20480,0.05918450807650336,12.277919577596442,False,0.4781342473897941,gaussian_sigma1.5_population_reflect_full_image_range1,ai_001_001,train,1.0
ALL,training_query,7,1.0,predicted_opacity_gt_1e-6_not_true_visibility,0.3171617586340355,0.5615234375,0.8225507522623993,20480,FC,,NOT_IMPLEMENTED,0.9493953223711287,1.0,bdf68d7ba04eefdbd08ef81b851ab0f608135e1a8e590a58af135362190160bd,15,20480,0.060326287022121505,12.194934039298598,False,0.4736330747689619,gaussian_sigma1.5_population_reflect_full_image_range1,ai_001_001,train,1.0
OFF,training_query,7,1.0,predicted_opacity_gt_1e-6_not_true_visibility,0.3716289994150806,0.527099609375,0.918547315764019,20480,CF,,NOT_IMPLEMENTED,0.9434764395009552,1.0,bdf68d7ba04eefdbd08ef81b851ab0f608135e1a8e590a58af135362190160bd,15,20480,0.06522087950760827,11.856133490025298,False,0.4599469762022753,gaussian_sigma1.5_population_reflect_full_image_range1,ai_001_001,train,1.0
FUSE,training_query,7,1.0,predicted_opacity_gt_1e-6_not_true_visibility,0.3618768082595832,0.5376953125,0.909678817247073,20480,CF,,NOT_IMPLEMENTED,0.9442818268027622,1.0,bdf68d7ba04eefdbd08ef81b851ab0f608135e1a8e590a58af135362190160bd,15,20480,0.06745058435342481,11.710142834958788,False,0.45259429972437387,gaussian_sigma1.5_population_reflect_full_image_range1,ai_001_001,train,1.0
COMPLETE,training_query,7,1.0,predicted_opacity_gt_1e-6_not_true_visibility,0.3709249658862812,0.5279296875,0.915690922287678,20480,CF,,NOT_IMPLEMENTED,0.9441727520519635,1.0,bdf68d7ba04eefdbd08ef81b851ab0f608135e1a8e590a58af135362190160bd,15,20480,0.06456621197906873,11.899946923744816,False,0.4613692065010047,gaussian_sigma1.5_population_reflect_full_image_range1,ai_001_001,train,1.0
ALL,training_query,7,1.0,predicted_opacity_gt_1e-6_not_true_visibility,0.3612123568622378,0.538525390625,0.9068315854227886,20480,CF,,NOT_IMPLEMENTED,0.9449555097729899,1.0,bdf68d7ba04eefdbd08ef81b851ab0f608135e1a8e590a58af135362190160bd,15,20480,0.06683535224047198,11.74993758756177,False,0.4538638400852515,gaussian_sigma1.5_population_reflect_full_image_range1,ai_001_001,train,1.0
OFF,frame_holdout,7,1.0,predicted_opacity_gt_1e-6_not_true_visibility,0.3200533594577317,0.178515625,2.0941117435897407,20480,FC,,NOT_IMPLEMENTED,0.9781105362431844,1.0,20e5c713d963962ad97ff9be1598d5e8686b0b95f70a25ade871467d29262723,8,20480,0.09626447365260553,10.165339594310009,False,0.22685835139361996,gaussian_sigma1.5_population_reflect_full_image_range1,ai_002_001,train,1.0
FUSE,frame_holdout,7,1.0,predicted_opacity_gt_1e-6_not_true_visibility,0.3200707057903621,0.1787109375,2.092771562376982,20480,FC,,NOT_IMPLEMENTED,0.9784953196794959,1.0,20e5c713d963962ad97ff9be1598d5e8686b0b95f70a25ade871467d29262723,8,20480,0.09619512492769718,10.168469370125852,False,0.22704914237963603,gaussian_sigma1.5_population_reflect_full_image_range1,ai_002_001,train,1.0
COMPLETE,frame_holdout,7,1.0,predicted_opacity_gt_1e-6_not_true_visibility,0.3200229644371354,0.178515625,2.09378122563816,20480,FC,,NOT_IMPLEMENTED,0.9781804641912458,1.0,20e5c713d963962ad97ff9be1598d5e8686b0b95f70a25ade871467d29262723,8,20480,0.09626187728946409,10.165456730086994,False,0.22688007576784586,gaussian_sigma1.5_population_reflect_full_image_range1,ai_002_001,train,1.0
ALL,frame_holdout,7,1.0,predicted_opacity_gt_1e-6_not_true_visibility,0.3200404001331082,0.1787109375,2.092441899313014,20480,FC,,NOT_IMPLEMENTED,0.9785650913487188,1.0,20e5c713d963962ad97ff9be1598d5e8686b0b95f70a25ade871467d29262723,8,20480,0.09619251344930033,10.168587272779785,False,0.2270715395586562,gaussian_sigma1.5_population_reflect_full_image_range1,ai_002_001,train,1.0
OFF,frame_holdout,7,1.0,predicted_opacity_gt_1e-6_not_true_visibility,0.32005110474597015,0.178515625,2.094066980671267,20480,CF,,NOT_IMPLEMENTED,0.9781258016038918,1.0,20e5c713d963962ad97ff9be1598d5e8686b0b95f70a25ade871467d29262723,8,20480,0.09626846384889647,10.165159581450535,False,0.2268612352739942,gaussian_sigma1.5_population_reflect_full_image_range1,ai_002_001,train,1.0
FUSE,frame_holdout,7,1.0,predicted_opacity_gt_1e-6_not_true_visibility,0.32006843299813637,0.178759765625,2.0928276469683373,20480,CF,,NOT_IMPLEMENTED,0.9784681883727899,1.0,20e5c713d963962ad97ff9be1598d5e8686b0b95f70a25ade871467d29262723,8,20480,0.09619826934028233,10.168327410882409,False,0.22704652880929263,gaussian_sigma1.5_population_reflect_full_image_range1,ai_002_001,train,1.0
COMPLETE,frame_holdout,7,1.0,predicted_opacity_gt_1e-6_not_true_visibility,0.32002073372949547,0.178515625,2.093736783148845,20480,CF,,NOT_IMPLEMENTED,0.9781956889171852,1.0,20e5c713d963962ad97ff9be1598d5e8686b0b95f70a25ade871467d29262723,8,20480,0.0962659362131848,10.16527361179956,False,0.22688290753776877,gaussian_sigma1.5_population_reflect_full_image_range1,ai_002_001,train,1.0
ALL,frame_holdout,7,1.0,predicted_opacity_gt_1e-6_not_true_visibility,0.32003809723216053,0.178759765625,2.0924976076645163,20480,CF,,NOT_IMPLEMENTED,0.9785380002052989,1.0,20e5c713d963962ad97ff9be1598d5e8686b0b95f70a25ade871467d29262723,8,20480,0.09619566315942836,10.1684450705143,False,0.22706967327845942,gaussian_sigma1.5_population_reflect_full_image_range1,ai_002_001,train,1.0
OFF,frame_holdout,7,1.0,predicted_opacity_gt_1e-6_not_true_visibility,0.34210891285834394,0.176220703125,2.3174935834094788,20480,FC,,NOT_IMPLEMENTED,0.979430767413578,1.0,88ddcba62ba60a67eca4376de972beacbc337df83dc52099ddae361652d05506,9,20480,0.08302143640018217,10.808097569214075,False,0.16751034708415963,gaussian_sigma1.5_population_reflect_full_image_range1,ai_002_001,train,1.0
FUSE,frame_holdout,7,1.0,predicted_opacity_gt_1e-6_not_true_visibility,0.3388988195893704,0.179443359375,2.2993375254291344,20480,FC,,NOT_IMPLEMENTED,0.9797285439039115,1.0,88ddcba62ba60a67eca4376de972beacbc337df83dc52099ddae361652d05506,9,20480,0.0831368993384259,10.802061769109066,False,0.16569617173828194,gaussian_sigma1.5_population_reflect_full_image_range1,ai_002_001,train,1.0
COMPLETE,frame_holdout,7,1.0,predicted_opacity_gt_1e-6_not_true_visibility,0.34206736452782194,0.176220703125,2.3170613084817875,20480,FC,,NOT_IMPLEMENTED,0.9795140431117033,1.0,88ddcba62ba60a67eca4376de972beacbc337df83dc52099ddae361652d05506,9,20480,0.08301466222476966,10.808451948415597,False,0.16752393612145403,gaussian_sigma1.5_population_reflect_full_image_range1,ai_002_001,train,1.0
ALL,frame_holdout,7,1.0,predicted_opacity_gt_1e-6_not_true_visibility,0.3388571318244794,0.179443359375,2.2989036377395036,20480,FC,,NOT_IMPLEMENTED,0.9798121292376891,1.0,88ddcba62ba60a67eca4376de972beacbc337df83dc52099ddae361652d05506,9,20480,0.08312984536591768,10.802430273507596,False,0.1657104620932797,gaussian_sigma1.5_population_reflect_full_image_range1,ai_002_001,train,1.0
OFF,frame_holdout,7,1.0,predicted_opacity_gt_1e-6_not_true_visibility,0.34218240295267577,0.176123046875,2.317833346797818,20480,CF,,NOT_IMPLEMENTED,0.9794390463270247,1.0,88ddcba62ba60a67eca4376de972beacbc337df83dc52099ddae361652d05506,9,20480,0.08301895524819708,10.808227363007653,False,0.16757557612044696,gaussian_sigma1.5_population_reflect_full_image_range1,ai_002_001,train,1.0
FUSE,frame_holdout,7,1.0,predicted_opacity_gt_1e-6_not_true_visibility,0.3389675678202358,0.179541015625,2.299789089762341,20480,CF,,NOT_IMPLEMENTED,0.979701690771617,1.0,88ddcba62ba60a67eca4376de972beacbc337df83dc52099ddae361652d05506,9,20480,0.08313451150831383,10.8021865075035,False,0.16573747442588813,gaussian_sigma1.5_population_reflect_full_image_range1,ai_002_001,train,1.0
COMPLETE,frame_holdout,7,1.0,predicted_opacity_gt_1e-6_not_true_visibility,0.3421408706323455,0.176123046875,2.3174013874983608,20480,CF,,NOT_IMPLEMENTED,0.979522291320609,1.0,88ddcba62ba60a67eca4376de972beacbc337df83dc52099ddae361652d05506,9,20480,0.08301225669588126,10.808577796432191,False,0.1675892779710816,gaussian_sigma1.5_population_reflect_full_image_range1,ai_002_001,train,1.0
ALL,frame_holdout,7,1.0,predicted_opacity_gt_1e-6_not_true_visibility,0.3389257982113931,0.179541015625,2.2993546843861203,20480,CF,,NOT_IMPLEMENTED,0.9797853674041107,1.0,88ddcba62ba60a67eca4376de972beacbc337df83dc52099ddae361652d05506,9,20480,0.08312751559818461,10.80255198905328,False,0.16575218910365874,gaussian_sigma1.5_population_reflect_full_image_range1,ai_002_001,train,1.0
OFF,training_query,7,1.0,predicted_opacity_gt_1e-6_not_true_visibility,0.10617428480128561,0.768701171875,0.5985933214375321,20480,FC,,NOT_IMPLEMENTED,0.9874107841373189,1.0,0d75eeeb04c90bef97c5a4d86dfb6e31b3aed3177c2e4e9f1786ec125aaa4ea5,12,20480,0.05505129875611618,12.592324308073762,False,0.29899232456437136,gaussian_sigma1.5_population_reflect_full_image_range1,ai_002_001,train,1.0
FUSE,training_query,7,1.0,predicted_opacity_gt_1e-6_not_true_visibility,0.10616275358325145,0.76884765625,0.5985722126716034,20480,FC,,NOT_IMPLEMENTED,0.9873768246703548,1.0,0d75eeeb04c90bef97c5a4d86dfb6e31b3aed3177c2e4e9f1786ec125aaa4ea5,12,20480,0.05505828572611307,12.59177314760336,False,0.2989878121448731,gaussian_sigma1.5_population_reflect_full_image_range1,ai_002_001,train,1.0
COMPLETE,training_query,7,1.0,predicted_opacity_gt_1e-6_not_true_visibility,0.10617841610212153,0.768505859375,0.598642375326536,20480,FC,,NOT_IMPLEMENTED,0.9875479761045426,1.0,0d75eeeb04c90bef97c5a4d86dfb6e31b3aed3177c2e4e9f1786ec125aaa4ea5,12,20480,0.05505434402236085,12.592084076548302,False,0.29902432146006247,gaussian_sigma1.5_population_reflect_full_image_range1,ai_002_001,train,1.0
ALL,training_query,7,1.0,predicted_opacity_gt_1e-6_not_true_visibility,0.10616667104359259,0.76865234375,0.5986208220309231,20480,FC,,NOT_IMPLEMENTED,0.9875140507152537,1.0,0d75eeeb04c90bef97c5a4d86dfb6e31b3aed3177c2e4e9f1786ec125aaa4ea5,12,20480,0.055061475620066684,12.591521539113593,False,0.2990199087543875,gaussian_sigma1.5_population_reflect_full_image_range1,ai_002_001,train,1.0
OFF,training_query,7,1.0,predicted_opacity_gt_1e-6_not_true_visibility,0.10618636674506596,0.768701171875,0.5986410596810869,20480,CF,,NOT_IMPLEMENTED,0.9874169667687965,1.0,0d75eeeb04c90bef97c5a4d86dfb6e31b3aed3177c2e4e9f1786ec125aaa4ea5,12,20480,0.05504783391186751,12.592597654957045,False,0.2989838770667064,gaussian_sigma1.5_population_reflect_full_image_range1,ai_002_001,train,1.0
FUSE,training_query,7,1.0,predicted_opacity_gt_1e-6_not_true_visibility,0.10616032655104339,0.768896484375,0.5985493656429122,20480,CF,,NOT_IMPLEMENTED,0.9873619735357352,1.0,0d75eeeb04c90bef97c5a4d86dfb6e31b3aed3177c2e4e9f1786ec125aaa4ea5,12,20480,0.05505667398960401,12.59190028169559,False,0.29897870034569846,gaussian_sigma1.5_population_reflect_full_image_range1,ai_002_001,train,1.0
COMPLETE,training_query,7,1.0,predicted_opacity_gt_1e-6_not_true_visibility,0.10619047830785892,0.768505859375,0.5986899725698817,20480,CF,,NOT_IMPLEMENTED,0.9875541774381418,1.0,0d75eeeb04c90bef97c5a4d86dfb6e31b3aed3177c2e4e9f1786ec125aaa4ea5,12,20480,0.05505088444582526,12.592356992743206,False,0.2990158816243703,gaussian_sigma1.5_population_reflect_full_image_range1,ai_002_001,train,1.0
ALL,training_query,7,1.0,predicted_opacity_gt_1e-6_not_true_visibility,0.10616400352493253,0.76865234375,0.5985965691844664,20480,CF,,NOT_IMPLEMENTED,0.9874994418671121,1.0,0d75eeeb04c90bef97c5a4d86dfb6e31b3aed3177c2e4e9f1786ec125aaa4ea5,12,20480,0.055060652967580205,12.591586425878859,False,0.2990107405083537,gaussian_sigma1.5_population_reflect_full_image_range1,ai_002_001,train,1.0
OFF,training_query,7,1.0,predicted_opacity_gt_1e-6_not_true_visibility,0.07854524534088467,0.947705078125,0.4512924922594852,20480,FC,,NOT_IMPLEMENTED,0.8958745955460472,1.0,3ad872697b62c5cd12b686d532f3f20349c849bdc191a4ab9833ee1702be6dac,13,20480,0.05234322267061276,12.811395422047685,False,0.4260702099346078,gaussian_sigma1.5_population_reflect_full_image_range1,ai_002_001,train,1.0
FUSE,training_query,7,1.0,predicted_opacity_gt_1e-6_not_true_visibility,0.07850412356763095,0.947607421875,0.4513276115533614,20480,FC,,NOT_IMPLEMENTED,0.8958087120641721,1.0,3ad872697b62c5cd12b686d532f3f20349c849bdc191a4ab9833ee1702be6dac,13,20480,0.05234489307697622,12.811256829761241,False,0.42610147032474277,gaussian_sigma1.5_population_reflect_full_image_range1,ai_002_001,train,1.0
COMPLETE,training_query,7,1.0,predicted_opacity_gt_1e-6_not_true_visibility,0.07864005407189749,0.94736328125,0.45170388830913905,20480,FC,,NOT_IMPLEMENTED,0.8959082919522189,1.0,3ad872697b62c5cd12b686d532f3f20349c849bdc191a4ab9833ee1702be6dac,13,20480,0.05235990084498967,12.810011845528063,False,0.42606486536635885,gaussian_sigma1.5_population_reflect_full_image_range1,ai_002_001,train,1.0
ALL,training_query,7,1.0,predicted_opacity_gt_1e-6_not_true_visibility,0.07859892879829794,0.947216796875,0.45173848583802356,20480,FC,,NOT_IMPLEMENTED,0.8958424433803884,1.0,3ad872697b62c5cd12b686d532f3f20349c849bdc191a4ab9833ee1702be6dac,13,20480,0.05236163086019323,12.809868353345632,False,0.42609613237825733,gaussian_sigma1.5_population_reflect_full_image_range1,ai_002_001,train,1.0
OFF,training_query,7,1.0,predicted_opacity_gt_1e-6_not_true_visibility,0.07855535001391109,0.947705078125,0.4512944859605773,20480,CF,,NOT_IMPLEMENTED,0.895882684609387,1.0,3ad872697b62c5cd12b686d532f3f20349c849bdc191a4ab9833ee1702be6dac,13,20480,0.05234141570128001,12.811545349835079,False,0.42606106203428074,gaussian_sigma1.5_population_reflect_full_image_range1,ai_002_001,train,1.0
FUSE,training_query,7,1.0,predicted_opacity_gt_1e-6_not_true_visibility,0.07849460397584064,0.947607421875,0.4512675083599201,20480,CF,,NOT_IMPLEMENTED,0.895806862221798,1.0,3ad872697b62c5cd12b686d532f3f20349c849bdc191a4ab9833ee1702be6dac,13,20480,0.05234191099015712,12.811504254231208,False,0.42609499317102834,gaussian_sigma1.5_population_reflect_full_image_range1,ai_002_001,train,1.0
COMPLETE,training_query,7,1.0,predicted_opacity_gt_1e-6_not_true_visibility,0.07865016523765785,0.94736328125,0.4517060147557455,20480,CF,,NOT_IMPLEMENTED,0.8959163725055987,1.0,3ad872697b62c5cd12b686d532f3f20349c849bdc191a4ab9833ee1702be6dac,13,20480,0.05235800843057998,12.81016881297353,False,0.42605580964770745,gaussian_sigma1.5_population_reflect_full_image_range1,ai_002_001,train,1.0
ALL,training_query,7,1.0,predicted_opacity_gt_1e-6_not_true_visibility,0.07858938534665885,0.947314453125,0.45167802528728124,20480,CF,,NOT_IMPLEMENTED,0.8958406322315569,1.0,3ad872697b62c5cd12b686d532f3f20349c849bdc191a4ab9833ee1702be6dac,13,20480,0.05235912537869274,12.810076166357964,False,0.42608908354248787,gaussian_sigma1.5_population_reflect_full_image_range1,ai_002_001,train,1.0
OFF,training_query,7,1.0,predicted_opacity_gt_1e-6_not_true_visibility,0.06589528380269136,0.9767578125,0.281630018060824,20480,FC,,NOT_IMPLEMENTED,0.9763508810719941,1.0,a140068d6b0a57df8dd4914c8d69e28ab5a2f49fe8b74a78fac5ab93e5d1b32e,14,20480,0.06647685063269232,11.773295636108529,False,0.3141676887318882,gaussian_sigma1.5_population_reflect_full_image_range1,ai_002_001,train,1.0
FUSE,training_query,7,1.0,predicted_opacity_gt_1e-6_not_true_visibility,0.06592733922971958,0.976904296875,0.2816338210032345,20480,FC,,NOT_IMPLEMENTED,0.976264626297052,1.0,a140068d6b0a57df8dd4914c8d69e28ab5a2f49fe8b74a78fac5ab93e5d1b32e,14,20480,0.06651196058166235,11.77100250222567,False,0.3141545464999584,gaussian_sigma1.5_population_reflect_full_image_range1,ai_002_001,train,1.0
COMPLETE,training_query,7,1.0,predicted_opacity_gt_1e-6_not_true_visibility,0.06585074630670437,0.9767578125,0.2814206641491441,20480,FC,,NOT_IMPLEMENTED,0.9764442055195104,1.0,a140068d6b0a57df8dd4914c8d69e28ab5a2f49fe8b74a78fac5ab93e5d1b32e,14,20480,0.06647933300785243,11.773133465112844,False,0.31417144341786696,gaussian_sigma1.5_population_reflect_full_image_range1,ai_002_001,train,1.0
ALL,training_query,7,1.0,predicted_opacity_gt_1e-6_not_true_visibility,0.0658827182411426,0.976904296875,0.2814239371109761,20480,FC,,NOT_IMPLEMENTED,0.976358020293992,1.0,a140068d6b0a57df8dd4914c8d69e28ab5a2f49fe8b74a78fac5ab93e5d1b32e,14,20480,0.06651451285075152,11.770835853234187,False,0.31415825195561153,gaussian_sigma1.5_population_reflect_full_image_range1,ai_002_001,train,1.0
OFF,training_query,7,1.0,predicted_opacity_gt_1e-6_not_true_visibility,0.06589705455817871,0.976904296875,0.2816091458722704,20480,CF,,NOT_IMPLEMENTED,0.9763643324899022,1.0,a140068d6b0a57df8dd4914c8d69e28ab5a2f49fe8b74a78fac5ab93e5d1b32e,14,20480,0.0664686247212707,11.773833069659252,False,0.3141625109511811,gaussian_sigma1.5_population_reflect_full_image_range1,ai_002_001,train,1.0
FUSE,training_query,7,1.0,predicted_opacity_gt_1e-6_not_true_visibility,0.06592970573701243,0.976953125,0.28164695433187886,20480,CF,,NOT_IMPLEMENTED,0.976260144932894,1.0,a140068d6b0a57df8dd4914c8d69e28ab5a2f49fe8b74a78fac5ab93e5d1b32e,14,20480,0.06650650748100206,11.771358580830672,False,0.3141492912664706,gaussian_sigma1.5_population_reflect_full_image_range1,ai_002_001,train,1.0
COMPLETE,training_query,7,1.0,predicted_opacity_gt_1e-6_not_true_visibility,0.06585251927291869,0.976904296875,0.281399773670211,20480,CF,,NOT_IMPLEMENTED,0.9764576473098714,1.0,a140068d6b0a57df8dd4914c8d69e28ab5a2f49fe8b74a78fac5ab93e5d1b32e,14,20480,0.06647108867109772,11.773672082428819,False,0.31416625635653356,gaussian_sigma1.5_population_reflect_full_image_range1,ai_002_001,train,1.0
ALL,training_query,7,1.0,predicted_opacity_gt_1e-6_not_true_visibility,0.06588503829177669,0.976904296875,0.28143672338646086,20480,CF,,NOT_IMPLEMENTED,0.9763535653444706,1.0,a140068d6b0a57df8dd4914c8d69e28ab5a2f49fe8b74a78fac5ab93e5d1b32e,14,20480,0.06650918462746003,11.77118376387251,False,0.3141529915133841,gaussian_sigma1.5_population_reflect_full_image_range1,ai_002_001,train,1.0
OFF,training_query,7,1.0,predicted_opacity_gt_1e-6_not_true_visibility,0.29100331120752154,0.36142578125,2.430034556240506,20480,FC,,NOT_IMPLEMENTED,0.9559206386766164,1.0,436cd175d1f53da2df1429d180e1cab1bf8ac67079d3a844f3b7e5a24b0ef6d2,15,20480,0.04806088209501781,13.182082625482822,False,0.4076646432928158,gaussian_sigma1.5_population_reflect_full_image_range1,ai_002_001,train,1.0
FUSE,training_query,7,1.0,predicted_opacity_gt_1e-6_not_true_visibility,0.2910682136049077,0.360498046875,2.4291117796393427,20480,FC,,NOT_IMPLEMENTED,0.9566569672286278,1.0,436cd175d1f53da2df1429d180e1cab1bf8ac67079d3a844f3b7e5a24b0ef6d2,15,20480,0.04801286051071912,13.186424188587242,False,0.4075047476248918,gaussian_sigma1.5_population_reflect_full_image_range1,ai_002_001,train,1.0
COMPLETE,training_query,7,1.0,predicted_opacity_gt_1e-6_not_true_visibility,0.2909787261550509,0.361181640625,2.4297839686048968,20480,FC,,NOT_IMPLEMENTED,0.9561555936146761,1.0,436cd175d1f53da2df1429d180e1cab1bf8ac67079d3a844f3b7e5a24b0ef6d2,15,20480,0.04806986788251382,13.181270715050967,False,0.4076998470257584,gaussian_sigma1.5_population_reflect_full_image_range1,ai_002_001,train,1.0
ALL,training_query,7,1.0,predicted_opacity_gt_1e-6_not_true_visibility,0.2910435104182745,0.360205078125,2.428862560911372,20480,FC,,NOT_IMPLEMENTED,0.9568917538505047,1.0,436cd175d1f53da2df1429d180e1cab1bf8ac67079d3a844f3b7e5a24b0ef6d2,15,20480,0.04802249850948344,13.185552482637124,False,0.4075393988434524,gaussian_sigma1.5_population_reflect_full_image_range1,ai_002_001,train,1.0
OFF,training_query,7,1.0,predicted_opacity_gt_1e-6_not_true_visibility,0.2909966760893209,0.36142578125,2.429961482615579,20480,CF,,NOT_IMPLEMENTED,0.9559374161821325,1.0,436cd175d1f53da2df1429d180e1cab1bf8ac67079d3a844f3b7e5a24b0ef6d2,15,20480,0.048058600696509024,13.182288785306993,False,0.4076698863062615,gaussian_sigma1.5_population_reflect_full_image_range1,ai_002_001,train,1.0
FUSE,training_query,7,1.0,predicted_opacity_gt_1e-6_not_true_visibility,0.2910639370368634,0.360595703125,2.4291887739261333,20480,CF,,NOT_IMPLEMENTED,0.9565947181050433,1.0,436cd175d1f53da2df1429d180e1cab1bf8ac67079d3a844f3b7e5a24b0ef6d2,15,20480,0.04801410708385901,13.186311432795918,False,0.40750613369497807,gaussian_sigma1.5_population_reflect_full_image_range1,ai_002_001,train,1.0
COMPLETE,training_query,7,1.0,predicted_opacity_gt_1e-6_not_true_visibility,0.290972105083969,0.361181640625,2.4297110791391274,20480,CF,,NOT_IMPLEMENTED,0.9561723601975245,1.0,436cd175d1f53da2df1429d180e1cab1bf8ac67079d3a844f3b7e5a24b0ef6d2,15,20480,0.0480679539776496,13.181443633119102,False,0.4077044558572714,gaussian_sigma1.5_population_reflect_full_image_range1,ai_002_001,train,1.0
ALL,training_query,7,1.0,predicted_opacity_gt_1e-6_not_true_visibility,0.29103894935561253,0.36025390625,2.428938926311681,20480,CF,,NOT_IMPLEMENTED,0.956829802977154,1.0,436cd175d1f53da2df1429d180e1cab1bf8ac67079d3a844f3b7e5a24b0ef6d2,15,20480,0.04802454139169967,13.185367737230136,False,0.4075407512714036,gaussian_sigma1.5_population_reflect_full_image_range1,ai_002_001,train,1.0
OFF,frame_holdout,7,1.0,predicted_opacity_gt_1e-6_not_true_visibility,0.43195093162350184,0.25126953125,0.42711753037635297,20480,FC,,NOT_IMPLEMENTED,0.9979232064972166,1.0,64da44881350b4d2c9321c9f283b65fdd40542b1b43e513d2c430ac1ed56d0cc,8,20480,3.382610780271065e-05,44.70747971382934,False,0.7970974359510259,gaussian_sigma1.5_population_reflect_full_image_range1,ai_003_001,train,1.0
FUSE,frame_holdout,7,1.0,predicted_opacity_gt_1e-6_not_true_visibility,0.43219553498321284,0.250537109375,0.42727982923028146,20480,FC,,NOT_IMPLEMENTED,0.9979319159232546,1.0,64da44881350b4d2c9321c9f283b65fdd40542b1b43e513d2c430ac1ed56d0cc,8,20480,3.364411835656846e-05,44.7309084789023,False,0.7978616799876873,gaussian_sigma1.5_population_reflect_full_image_range1,ai_003_001,train,1.0
COMPLETE,frame_holdout,7,1.0,predicted_opacity_gt_1e-6_not_true_visibility,0.43195093162350184,0.25126953125,0.42711753037635297,20480,FC,,NOT_IMPLEMENTED,0.9979232064972166,1.0,64da44881350b4d2c9321c9f283b65fdd40542b1b43e513d2c430ac1ed56d0cc,8,20480,3.382610780271065e-05,44.70747971382934,False,0.7970974359510259,gaussian_sigma1.5_population_reflect_full_image_range1,ai_003_001,train,1.0
ALL,frame_holdout,7,1.0,predicted_opacity_gt_1e-6_not_true_visibility,0.43219553498321284,0.250537109375,0.42727982923028146,20480,FC,,NOT_IMPLEMENTED,0.9979319159232546,1.0,64da44881350b4d2c9321c9f283b65fdd40542b1b43e513d2c430ac1ed56d0cc,8,20480,3.364411835656846e-05,44.7309084789023,False,0.7978616799876873,gaussian_sigma1.5_population_reflect_full_image_range1,ai_003_001,train,1.0
OFF,frame_holdout,7,1.0,predicted_opacity_gt_1e-6_not_true_visibility,0.4319801093390989,0.251123046875,0.4271371725046165,20480,CF,,NOT_IMPLEMENTED,0.9979239722830243,1.0,64da44881350b4d2c9321c9f283b65fdd40542b1b43e513d2c430ac1ed56d0cc,8,20480,3.381835696463218e-05,44.708474960442324,False,0.7971225594991528,gaussian_sigma1.5_population_reflect_full_image_range1,ai_003_001,train,1.0
FUSE,frame_holdout,7,1.0,predicted_opacity_gt_1e-6_not_true_visibility,0.4322063786771305,0.250537109375,0.4272869572133395,20480,CF,,NOT_IMPLEMENTED,0.9979321418039035,1.0,64da44881350b4d2c9321c9f283b65fdd40542b1b43e513d2c430ac1ed56d0cc,8,20480,3.3643468449541246e-05,44.730992372841456,False,0.7978671661969926,gaussian_sigma1.5_population_reflect_full_image_range1,ai_003_001,train,1.0
COMPLETE,frame_holdout,7,1.0,predicted_opacity_gt_1e-6_not_true_visibility,0.4319801093390989,0.251123046875,0.4271371725046165,20480,CF,,NOT_IMPLEMENTED,0.9979239722830243,1.0,64da44881350b4d2c9321c9f283b65fdd40542b1b43e513d2c430ac1ed56d0cc,8,20480,3.381835696463218e-05,44.708474960442324,False,0.7971225594991528,gaussian_sigma1.5_population_reflect_full_image_range1,ai_003_001,train,1.0
ALL,frame_holdout,7,1.0,predicted_opacity_gt_1e-6_not_true_visibility,0.4322063786771305,0.250537109375,0.4272869572133395,20480,CF,,NOT_IMPLEMENTED,0.9979321418039035,1.0,64da44881350b4d2c9321c9f283b65fdd40542b1b43e513d2c430ac1ed56d0cc,8,20480,3.3643468449541246e-05,44.730992372841456,False,0.7978671661969926,gaussian_sigma1.5_population_reflect_full_image_range1,ai_003_001,train,1.0
OFF,frame_holdout,7,1.0,predicted_opacity_gt_1e-6_not_true_visibility,0.9807592601067293,0.11181640625,0.6390205609375456,20480,FC,,NOT_IMPLEMENTED,0.9988417401298648,1.0,46bdf2e8ded576984801ab3f6be0137f136b3f46a11cc36957e3f0554f39668e,9,20480,3.165278298391458e-05,44.995880998196796,False,0.8578596140417315,gaussian_sigma1.5_population_reflect_full_image_range1,ai_003_001,train,1.0
FUSE,frame_holdout,7,1.0,predicted_opacity_gt_1e-6_not_true_visibility,0.9802415014208755,0.11142578125,0.6390223418458328,20480,FC,,NOT_IMPLEMENTED,0.9988459005893674,1.0,46bdf2e8ded576984801ab3f6be0137f136b3f46a11cc36957e3f0554f39668e,9,20480,3.1488992928188374e-05,45.018412286211394,False,0.858354219788923,gaussian_sigma1.5_population_reflect_full_image_range1,ai_003_001,train,1.0
COMPLETE,frame_holdout,7,1.0,predicted_opacity_gt_1e-6_not_true_visibility,0.9807592601067293,0.11181640625,0.6390205609375456,20480,FC,,NOT_IMPLEMENTED,0.9988417401298648,1.0,46bdf2e8ded576984801ab3f6be0137f136b3f46a11cc36957e3f0554f39668e,9,20480,3.165278298391458e-05,44.995880998196796,False,0.8578596140417315,gaussian_sigma1.5_population_reflect_full_image_range1,ai_003_001,train,1.0
ALL,frame_holdout,7,1.0,predicted_opacity_gt_1e-6_not_true_visibility,0.9802415014208755,0.11142578125,0.6390223418458328,20480,FC,,NOT_IMPLEMENTED,0.9988459005893674,1.0,46bdf2e8ded576984801ab3f6be0137f136b3f46a11cc36957e3f0554f39668e,9,20480,3.1488992928188374e-05,45.018412286211394,False,0.858354219788923,gaussian_sigma1.5_population_reflect_full_image_range1,ai_003_001,train,1.0
OFF,frame_holdout,7,1.0,predicted_opacity_gt_1e-6_not_true_visibility,0.9805500324378897,0.111669921875,0.6390100035527612,20480,CF,,NOT_IMPLEMENTED,0.9988427820848301,1.0,46bdf2e8ded576984801ab3f6be0137f136b3f46a11cc36957e3f0554f39668e,9,20480,3.162886126355725e-05,44.999164437420674,False,0.857913292085685,gaussian_sigma1.5_population_reflect_full_image_range1,ai_003_001,train,1.0
FUSE,frame_holdout,7,1.0,predicted_opacity_gt_1e-6_not_true_visibility,0.9802026004617705,0.11142578125,0.6390231414878552,20480,CF,,NOT_IMPLEMENTED,0.9988459519459866,1.0,46bdf2e8ded576984801ab3f6be0137f136b3f46a11cc36957e3f0554f39668e,9,20480,3.148597654544045e-05,45.01882832401012,False,0.8583566324764984,gaussian_sigma1.5_population_reflect_full_image_range1,ai_003_001,train,1.0
COMPLETE,frame_holdout,7,1.0,predicted_opacity_gt_1e-6_not_true_visibility,0.9805500324378897,0.111669921875,0.6390100035527612,20480,CF,,NOT_IMPLEMENTED,0.9988427820848301,1.0,46bdf2e8ded576984801ab3f6be0137f136b3f46a11cc36957e3f0554f39668e,9,20480,3.162886126355725e-05,44.999164437420674,False,0.857913292085685,gaussian_sigma1.5_population_reflect_full_image_range1,ai_003_001,train,1.0
ALL,frame_holdout,7,1.0,predicted_opacity_gt_1e-6_not_true_visibility,0.9802026004617705,0.11142578125,0.6390231414878552,20480,CF,,NOT_IMPLEMENTED,0.9988459519459866,1.0,46bdf2e8ded576984801ab3f6be0137f136b3f46a11cc36957e3f0554f39668e,9,20480,3.148597654544045e-05,45.01882832401012,False,0.8583566324764984,gaussian_sigma1.5_population_reflect_full_image_range1,ai_003_001,train,1.0
OFF,training_query,7,1.0,predicted_opacity_gt_1e-6_not_true_visibility,0.4410129247054071,0.27548828125,0.5648799490497551,20480,FC,,NOT_IMPLEMENTED,0.99317715523066,1.0,2b26e40f279c4a4269cbbb8e202ec673937201b17c4e867bd316aac1d2077d5c,12,20480,1.4727235468547646e-06,58.31878769344427,False,0.9858796170051444,gaussian_sigma1.5_population_reflect_full_image_range1,ai_003_001,train,1.0
FUSE,training_query,7,1.0,predicted_opacity_gt_1e-6_not_true_visibility,0.4410627982828618,0.2755859375,0.5649502233301674,20480,FC,,NOT_IMPLEMENTED,0.9931887692742748,1.0,2b26e40f279c4a4269cbbb8e202ec673937201b17c4e867bd316aac1d2077d5c,12,20480,1.4628529252844604e-06,58.34799335493418,False,0.9859701956236949,gaussian_sigma1.5_population_reflect_full_image_range1,ai_003_001,train,1.0
COMPLETE,training_query,7,1.0,predicted_opacity_gt_1e-6_not_true_visibility,0.44083605696799405,0.277783203125,0.5650286834744582,20480,FC,,NOT_IMPLEMENTED,0.9926590078510344,1.0,2b26e40f279c4a4269cbbb8e202ec673937201b17c4e867bd316aac1d2077d5c,12,20480,1.4561431410980945e-06,58.36795931112639,False,0.9860279215472583,gaussian_sigma1.5_population_reflect_full_image_range1,ai_003_001,train,1.0
ALL,training_query,7,1.0,predicted_opacity_gt_1e-6_not_true_visibility,0.44088591764005736,0.2779296875,0.5650986380474828,20480,FC,,NOT_IMPLEMENTED,0.9926712228538236,1.0,2b26e40f279c4a4269cbbb8e202ec673937201b17c4e867bd316aac1d2077d5c,12,20480,1.446306971238783e-06,58.397395204811176,False,0.9861183045474856,gaussian_sigma1.5_population_reflect_full_image_range1,ai_003_001,train,1.0
OFF,training_query,7,1.0,predicted_opacity_gt_1e-6_not_true_visibility,0.4410914872568735,0.275244140625,0.564924650318976,20480,CF,,NOT_IMPLEMENTED,0.9932584869093262,1.0,2b26e40f279c4a4269cbbb8e202ec673937201b17c4e867bd316aac1d2077d5c,12,20480,1.4736580027233328e-06,58.31603293114292,False,0.9858711928516507,gaussian_sigma1.5_population_reflect_full_image_range1,ai_003_001,train,1.0
FUSE,training_query,7,1.0,predicted_opacity_gt_1e-6_not_true_visibility,0.44109713563642544,0.275244140625,0.5649384565779283,20480,CF,,NOT_IMPLEMENTED,0.9932637654477731,1.0,2b26e40f279c4a4269cbbb8e202ec673937201b17c4e867bd316aac1d2077d5c,12,20480,1.4646458436391978e-06,58.34267376502634,False,0.9859542303936294,gaussian_sigma1.5_population_reflect_full_image_range1,ai_003_001,train,1.0
COMPLETE,training_query,7,1.0,predicted_opacity_gt_1e-6_not_true_visibility,0.440914127422625,0.2775390625,0.5650704760243008,20480,CF,,NOT_IMPLEMENTED,0.9927451312280027,1.0,2b26e40f279c4a4269cbbb8e202ec673937201b17c4e867bd316aac1d2077d5c,12,20480,1.4566046676219192e-06,58.36658302703047,False,0.9860237500468702,gaussian_sigma1.5_population_reflect_full_image_range1,ai_003_001,train,1.0
ALL,training_query,7,1.0,predicted_opacity_gt_1e-6_not_true_visibility,0.4409197200342626,0.277587890625,0.5650841654768319,20480,CF,,NOT_IMPLEMENTED,0.9927505177387502,1.0,2b26e40f279c4a4269cbbb8e202ec673937201b17c4e867bd316aac1d2077d5c,12,20480,1.4476293872305241e-06,58.39342609190177,False,0.9861065540789304,gaussian_sigma1.5_population_reflect_full_image_range1,ai_003_001,train,1.0
OFF,training_query,7,1.0,predicted_opacity_gt_1e-6_not_true_visibility,0.49776186807536094,0.179833984375,0.7845479291126328,20480,FC,,NOT_IMPLEMENTED,0.978993649489712,1.0,0bed2192ab9c83bef79ef8d549b755c42ada4c5b91a6602adae45898413f7290,13,20480,6.323941868575826e-06,51.990121308765744,False,0.943974081739541,gaussian_sigma1.5_population_reflect_full_image_range1,ai_003_001,train,1.0
FUSE,training_query,7,1.0,predicted_opacity_gt_1e-6_not_true_visibility,0.4978683884633526,0.179443359375,0.7846950193920442,20480,FC,,NOT_IMPLEMENTED,0.9790408871951513,1.0,0bed2192ab9c83bef79ef8d549b755c42ada4c5b91a6602adae45898413f7290,13,20480,6.2888008656927864e-06,52.01432156948985,False,0.9442488506375338,gaussian_sigma1.5_population_reflect_full_image_range1,ai_003_001,train,1.0
COMPLETE,training_query,7,1.0,predicted_opacity_gt_1e-6_not_true_visibility,0.4954945568492449,0.180810546875,0.7844899972981422,20480,FC,,NOT_IMPLEMENTED,0.9783368206029991,1.0,0bed2192ab9c83bef79ef8d549b755c42ada4c5b91a6602adae45898413f7290,13,20480,6.319639689201008e-06,51.99307682074028,False,0.9440039337805755,gaussian_sigma1.5_population_reflect_full_image_range1,ai_003_001,train,1.0
ALL,training_query,7,1.0,predicted_opacity_gt_1e-6_not_true_visibility,0.49560694331665517,0.180615234375,0.7846375490668525,20480,FC,,NOT_IMPLEMENTED,0.9783852299966384,1.0,0bed2192ab9c83bef79ef8d549b755c42ada4c5b91a6602adae45898413f7290,13,20480,6.2845257130407145e-06,52.017274925176615,False,0.944278566859336,gaussian_sigma1.5_population_reflect_full_image_range1,ai_003_001,train,1.0
OFF,training_query,7,1.0,predicted_opacity_gt_1e-6_not_true_visibility,0.49806236848386576,0.17958984375,0.784588751984604,20480,CF,,NOT_IMPLEMENTED,0.9790995773888426,1.0,0bed2192ab9c83bef79ef8d549b755c42ada4c5b91a6602adae45898413f7290,13,20480,6.324471488477021e-06,51.98975760939217,False,0.9439700231685921,gaussian_sigma1.5_population_reflect_full_image_range1,ai_003_001,train,1.0
FUSE,training_query,7,1.0,predicted_opacity_gt_1e-6_not_true_visibility,0.4981754395392626,0.179296875,0.7847116128715416,20480,CF,,NOT_IMPLEMENTED,0.9791352062893566,1.0,0bed2192ab9c83bef79ef8d549b755c42ada4c5b91a6602adae45898413f7290,13,20480,6.29002309679244e-06,52.01347759834367,False,0.9442402991869384,gaussian_sigma1.5_population_reflect_full_image_range1,ai_003_001,train,1.0
COMPLETE,training_query,7,1.0,predicted_opacity_gt_1e-6_not_true_visibility,0.4958331929330352,0.18046875,0.7845336102957541,20480,CF,,NOT_IMPLEMENTED,0.9784490133606596,1.0,0bed2192ab9c83bef79ef8d549b755c42ada4c5b91a6602adae45898413f7290,13,20480,6.320100860222064e-06,51.992759909124935,False,0.9440003638131101,gaussian_sigma1.5_population_reflect_full_image_range1,ai_003_001,train,1.0
ALL,training_query,7,1.0,predicted_opacity_gt_1e-6_not_true_visibility,0.4959512927540216,0.180322265625,0.7846569245451164,20480,CF,,NOT_IMPLEMENTED,0.9784854551602621,1.0,0bed2192ab9c83bef79ef8d549b755c42ada4c5b91a6602adae45898413f7290,13,20480,6.285677651228462e-06,52.016478946964746,False,0.9442705138159557,gaussian_sigma1.5_population_reflect_full_image_range1,ai_003_001,train,1.0
OFF,training_query,7,1.0,predicted_opacity_gt_1e-6_not_true_visibility,0.6380083244896285,0.134423828125,0.6790667141821995,20480,FC,,NOT_IMPLEMENTED,0.9783987997565419,1.0,6b144a2f5d389edcb16568ccfc3498a95210e64013d47c852139aee94eb111e4,14,20480,3.4684858475765265e-06,54.59860073207683,False,0.9681911538711716,gaussian_sigma1.5_population_reflect_full_image_range1,ai_003_001,train,1.0
FUSE,training_query,7,1.0,predicted_opacity_gt_1e-6_not_true_visibility,0.6379989570161548,0.1341796875,0.6791790551364101,20480,FC,,NOT_IMPLEMENTED,0.9784418725525029,1.0,6b144a2f5d389edcb16568ccfc3498a95210e64013d47c852139aee94eb111e4,14,20480,3.447775077431712e-06,54.62461074000589,False,0.9683646863147748,gaussian_sigma1.5_population_reflect_full_image_range1,ai_003_001,train,1.0
COMPLETE,training_query,7,1.0,predicted_opacity_gt_1e-6_not_true_visibility,0.6338957995637191,0.133984375,0.6788070195799909,20480,FC,,NOT_IMPLEMENTED,0.9773758668772643,1.0,6b144a2f5d389edcb16568ccfc3498a95210e64013d47c852139aee94eb111e4,14,20480,3.4609621496669404e-06,54.60803150281335,False,0.9682489375625828,gaussian_sigma1.5_population_reflect_full_image_range1,ai_003_001,train,1.0
ALL,training_query,7,1.0,predicted_opacity_gt_1e-6_not_true_visibility,0.6338938723066743,0.133642578125,0.6789201851608231,20480,FC,,NOT_IMPLEMENTED,0.9774203705746913,1.0,6b144a2f5d389edcb16568ccfc3498a95210e64013d47c852139aee94eb111e4,14,20480,3.4402840056216064e-06,54.634057036543346,False,0.968422302427213,gaussian_sigma1.5_population_reflect_full_image_range1,ai_003_001,train,1.0
OFF,training_query,7,1.0,predicted_opacity_gt_1e-6_not_true_visibility,0.6384999788606524,0.13447265625,0.6791445810485864,20480,CF,,NOT_IMPLEMENTED,0.9785598614747869,1.0,6b144a2f5d389edcb16568ccfc3498a95210e64013d47c852139aee94eb111e4,14,20480,3.4691639334155545e-06,54.597751773284216,False,0.9681855233008189,gaussian_sigma1.5_population_reflect_full_image_range1,ai_003_001,train,1.0
FUSE,training_query,7,1.0,predicted_opacity_gt_1e-6_not_true_visibility,0.6385491447589826,0.134228515625,0.6792233244079634,20480,CF,,NOT_IMPLEMENTED,0.978587210108526,1.0,6b144a2f5d389edcb16568ccfc3498a95210e64013d47c852139aee94eb111e4,14,20480,3.449252337569163e-06,54.622750327114254,False,0.9683531097551594,gaussian_sigma1.5_population_reflect_full_image_range1,ai_003_001,train,1.0
COMPLETE,training_query,7,1.0,predicted_opacity_gt_1e-6_not_true_visibility,0.6344472856236664,0.13388671875,0.6788903861462207,20480,CF,,NOT_IMPLEMENTED,0.9775464488979196,1.0,6b144a2f5d389edcb16568ccfc3498a95210e64013d47c852139aee94eb111e4,14,20480,3.461480722634111e-06,54.60738082679424,False,0.968244557494783,gaussian_sigma1.5_population_reflect_full_image_range1,ai_003_001,train,1.0
ALL,training_query,7,1.0,predicted_opacity_gt_1e-6_not_true_visibility,0.6345017701324409,0.13369140625,0.6789697939525623,20480,CF,,NOT_IMPLEMENTED,0.9775745628488949,1.0,6b144a2f5d389edcb16568ccfc3498a95210e64013d47c852139aee94eb111e4,14,20480,3.4416008427229177e-06,54.63239500613671,False,0.9684119761065285,gaussian_sigma1.5_population_reflect_full_image_range1,ai_003_001,train,1.0
OFF,training_query,7,1.0,predicted_opacity_gt_1e-6_not_true_visibility,0.28658599006819496,0.444384765625,0.26077218584267375,20480,FC,,NOT_IMPLEMENTED,0.9908352575759636,1.0,84ab98dbca0dcc573b46106ab24a639fda17ba543a2d9cca2c3ab1edd63995dd,15,20480,8.591903899856267e-07,60.659105891859,False,0.9916358391088964,gaussian_sigma1.5_population_reflect_full_image_range1,ai_003_001,train,1.0
FUSE,training_query,7,1.0,predicted_opacity_gt_1e-6_not_true_visibility,0.286530399702879,0.444677734375,0.26080675681710724,20480,FC,,NOT_IMPLEMENTED,0.9908423553191824,1.0,84ab98dbca0dcc573b46106ab24a639fda17ba543a2d9cca2c3ab1edd63995dd,15,20480,8.53547183964726e-07,60.68772466149582,False,0.9916893041916557,gaussian_sigma1.5_population_reflect_full_image_range1,ai_003_001,train,1.0
COMPLETE,training_query,7,1.0,predicted_opacity_gt_1e-6_not_true_visibility,0.28619414218636063,0.445361328125,0.26072744001595605,20480,FC,,NOT_IMPLEMENTED,0.9906056301930221,1.0,84ab98dbca0dcc573b46106ab24a639fda17ba543a2d9cca2c3ab1edd63995dd,15,20480,8.536205262727642e-07,60.68735150355124,False,0.991688756124537,gaussian_sigma1.5_population_reflect_full_image_range1,ai_003_001,train,1.0
ALL,training_query,7,1.0,predicted_opacity_gt_1e-6_not_true_visibility,0.28613968072127804,0.445654296875,0.26076204292289523,20480,FC,,NOT_IMPLEMENTED,0.9906128710019402,1.0,84ab98dbca0dcc573b46106ab24a639fda17ba543a2d9cca2c3ab1edd63995dd,15,20480,8.479929775483922e-07,60.71607744234573,False,0.9917420924710285,gaussian_sigma1.5_population_reflect_full_image_range1,ai_003_001,train,1.0
OFF,training_query,7,1.0,predicted_opacity_gt_1e-6_not_true_visibility,0.28661440786004516,0.44453125,0.26082502062562307,20480,CF,,NOT_IMPLEMENTED,0.9908764251566027,1.0,84ab98dbca0dcc573b46106ab24a639fda17ba543a2d9cca2c3ab1edd63995dd,15,20480,8.593158843471445e-07,60.658471602538924,False,0.9916345779946163,gaussian_sigma1.5_population_reflect_full_image_range1,ai_003_001,train,1.0
FUSE,training_query,7,1.0,predicted_opacity_gt_1e-6_not_true_visibility,0.2865872459224847,0.44453125,0.26081991085565887,20480,CF,,NOT_IMPLEMENTED,0.9908799340686528,1.0,84ab98dbca0dcc573b46106ab24a639fda17ba543a2d9cca2c3ab1edd63995dd,15,20480,8.540455636233282e-07,60.68518958933561,False,0.991684617360278,gaussian_sigma1.5_population_reflect_full_image_range1,ai_003_001,train,1.0
COMPLETE,training_query,7,1.0,predicted_opacity_gt_1e-6_not_true_visibility,0.2862212708755961,0.445458984375,0.2607797780724926,20480,CF,,NOT_IMPLEMENTED,0.990648063190747,1.0,84ab98dbca0dcc573b46106ab24a639fda17ba543a2d9cca2c3ab1edd63995dd,15,20480,8.5361019700173e-07,60.6874040558554,False,0.9916887825527461,gaussian_sigma1.5_population_reflect_full_image_range1,ai_003_001,train,1.0
ALL,training_query,7,1.0,predicted_opacity_gt_1e-6_not_true_visibility,0.28619395706153855,0.445458984375,0.26077460434797173,20480,CF,,NOT_IMPLEMENTED,0.9906515690585366,1.0,84ab98dbca0dcc573b46106ab24a639fda17ba543a2d9cca2c3ab1edd63995dd,15,20480,8.483539150697202e-07,60.714229315917436,False,0.9917387056063072,gaussian_sigma1.5_population_reflect_full_image_range1,ai_003_001,train,1.0
