cohort,coverage,coverage_definition,depth_absrel,depth_delta1,depth_rmse,depth_valid_count,lpips,lpips_status,method,opacity,predicted_positive_depth_fraction,query_camera_hash,query_id,region_pixel_count,rgb_mse,rgb_psnr,rgb_psnr_perfect,rgb_ssim,rgb_ssim_definition,scene_id,split,valid_depth_fraction
frame_holdout,1.0,predicted_opacity_gt_1e-6_not_true_visibility,0.7391114453018843,0.274658203125,1.7715240139596578,20480,,NOT_IMPLEMENTED,A,0.9860844319759053,1.0,21ffbd40ef64633f01f22a7c13051d60f6d8c177ea91c26afd426bd66b466955,8,20480,0.05809867221461764,12.35833792849842,False,0.3630924977334723,gaussian_sigma1.5_population_reflect_full_image_range1,ai_001_001,train,1.0
frame_holdout,1.0,predicted_opacity_gt_1e-6_not_true_visibility,0.3674288759564714,0.640966796875,0.9083195604877075,20480,,NOT_IMPLEMENTED,B,0.9999498350807698,1.0,21ffbd40ef64633f01f22a7c13051d60f6d8c177ea91c26afd426bd66b466955,8,20480,0.044375909711443826,13.528527307568938,False,0.39089831227539906,gaussian_sigma1.5_population_reflect_full_image_range1,ai_001_001,train,1.0
frame_holdout,1.0,predicted_opacity_gt_1e-6_not_true_visibility,0.47116360609108493,0.61083984375,1.2362410907964392,20480,,NOT_IMPLEMENTED,anchor,0.6298755637231807,1.0,21ffbd40ef64633f01f22a7c13051d60f6d8c177ea91c26afd426bd66b466955,8,20480,0.10869027466524003,9.638093137626155,False,0.3361841093007021,gaussian_sigma1.5_population_reflect_full_image_range1,ai_001_001,train,1.0
frame_holdout,1.0,predicted_opacity_gt_1e-6_not_true_visibility,0.7642225663722024,0.090673828125,1.7370969289871359,20480,,NOT_IMPLEMENTED,prior,1.0,1.0,21ffbd40ef64633f01f22a7c13051d60f6d8c177ea91c26afd426bd66b466955,8,20480,0.035199859717926045,14.534590673131198,False,0.4125816532457847,gaussian_sigma1.5_population_reflect_full_image_range1,ai_001_001,train,1.0
frame_holdout,1.0,predicted_opacity_gt_1e-6_not_true_visibility,0.8961592830998029,0.09091796875,2.165448063547371,20480,,NOT_IMPLEMENTED,wrong_scene,0.9392723558135913,1.0,21ffbd40ef64633f01f22a7c13051d60f6d8c177ea91c26afd426bd66b466955,8,20480,0.07340440501061754,11.342778772174322,False,0.3639853062435968,gaussian_sigma1.5_population_reflect_full_image_range1,ai_001_001,train,1.0
frame_holdout,1.0,predicted_opacity_gt_1e-6_not_true_visibility,0.3604581865491692,0.389453125,1.459370316525768,20480,,NOT_IMPLEMENTED,A,0.7856163490418112,1.0,b5dee11a1865fc8be8791a7231407f474fb9f4bb202755d03bf547d8fd97a8a0,9,20480,0.07500093118566148,11.249333445245146,False,0.3448000936962084,gaussian_sigma1.5_population_reflect_full_image_range1,ai_001_001,train,1.0
frame_holdout,1.0,predicted_opacity_gt_1e-6_not_true_visibility,0.2584211508958888,0.60068359375,1.1023230547652314,20480,,NOT_IMPLEMENTED,B,0.935730113153113,1.0,b5dee11a1865fc8be8791a7231407f474fb9f4bb202755d03bf547d8fd97a8a0,9,20480,0.04674799706841221,13.302369918667722,False,0.39439590630561433,gaussian_sigma1.5_population_reflect_full_image_range1,ai_001_001,train,1.0
frame_holdout,1.0,predicted_opacity_gt_1e-6_not_true_visibility,0.37812808866712483,0.526513671875,1.5402571836275305,20480,,NOT_IMPLEMENTED,anchor,0.5857585817095241,1.0,b5dee11a1865fc8be8791a7231407f474fb9f4bb202755d03bf547d8fd97a8a0,9,20480,0.1060164468639555,9.746267552240601,False,0.3379733435091443,gaussian_sigma1.5_population_reflect_full_image_range1,ai_001_001,train,1.0
frame_holdout,1.0,predicted_opacity_gt_1e-6_not_true_visibility,0.3702765314829918,0.521875,1.3746644616716863,20480,,NOT_IMPLEMENTED,prior,1.0,1.0,b5dee11a1865fc8be8791a7231407f474fb9f4bb202755d03bf547d8fd97a8a0,9,20480,0.03562501463452197,14.482449485780766,False,0.4451717268469005,gaussian_sigma1.5_population_reflect_full_image_range1,ai_001_001,train,1.0
frame_holdout,1.0,predicted_opacity_gt_1e-6_not_true_visibility,0.4993410312353509,0.241357421875,1.9236784269881329,20480,,NOT_IMPLEMENTED,wrong_scene,0.7428947512933519,1.0,b5dee11a1865fc8be8791a7231407f474fb9f4bb202755d03bf547d8fd97a8a0,9,20480,0.07796478300451133,11.081015255222512,False,0.3380090048048731,gaussian_sigma1.5_population_reflect_full_image_range1,ai_001_001,train,1.0
training_query,1.0,predicted_opacity_gt_1e-6_not_true_visibility,0.34842081985172974,0.41826171875,1.0704897246678051,20480,,NOT_IMPLEMENTED,A,0.9966696681454777,1.0,f82409fa6e14bf4dcab331f3d396cd66c776a0445696a0cf14a6c4129c74251f,12,20480,0.0874499825598348,10.5824027279672,False,0.3573941467918063,gaussian_sigma1.5_population_reflect_full_image_range1,ai_001_001,train,1.0
training_query,1.0,predicted_opacity_gt_1e-6_not_true_visibility,0.16455839470931424,0.6685546875,0.5465443377438952,20480,,NOT_IMPLEMENTED,B,0.9998668915359303,1.0,f82409fa6e14bf4dcab331f3d396cd66c776a0445696a0cf14a6c4129c74251f,12,20480,0.053921098029044684,12.682412725725204,False,0.39895415975370685,gaussian_sigma1.5_population_reflect_full_image_range1,ai_001_001,train,1.0
training_query,1.0,predicted_opacity_gt_1e-6_not_true_visibility,0.3312829612915633,0.459326171875,1.161411046706621,20480,,NOT_IMPLEMENTED,anchor,0.6150967371591832,1.0,f82409fa6e14bf4dcab331f3d396cd66c776a0445696a0cf14a6c4129c74251f,12,20480,0.12725287721036918,8.953323894040905,False,0.34606335639359265,gaussian_sigma1.5_population_reflect_full_image_range1,ai_001_001,train,1.0
training_query,1.0,predicted_opacity_gt_1e-6_not_true_visibility,0.880768413273141,0.0,2.3118638395327404,20480,,NOT_IMPLEMENTED,prior,1.0,1.0,f82409fa6e14bf4dcab331f3d396cd66c776a0445696a0cf14a6c4129c74251f,12,20480,0.05169396194540459,12.865601812181131,False,0.3930897893419651,gaussian_sigma1.5_population_reflect_full_image_range1,ai_001_001,train,1.0
training_query,1.0,predicted_opacity_gt_1e-6_not_true_visibility,0.48385273572205884,0.173583984375,1.4082758493078802,20480,,NOT_IMPLEMENTED,wrong_scene,0.8494798436491692,1.0,f82409fa6e14bf4dcab331f3d396cd66c776a0445696a0cf14a6c4129c74251f,12,20480,0.13460084183964494,8.709522238775016,False,0.30903414809543245,gaussian_sigma1.5_population_reflect_full_image_range1,ai_001_001,train,1.0
training_query,1.0,predicted_opacity_gt_1e-6_not_true_visibility,0.4132180853205819,0.2404296875,1.1879395268981097,20480,,NOT_IMPLEMENTED,A,0.49553192063249296,1.0,7bb29de6287ffb4f644be8afa27c5a792b36f0942af97f228b32117fe0f60a57,13,20480,0.07621893335287142,11.17937133262664,False,0.4205026938886084,gaussian_sigma1.5_population_reflect_full_image_range1,ai_001_001,train,1.0
training_query,1.0,predicted_opacity_gt_1e-6_not_true_visibility,0.23695726869835337,0.53681640625,0.6589256256699508,20480,,NOT_IMPLEMENTED,B,0.697239433892537,1.0,7bb29de6287ffb4f644be8afa27c5a792b36f0942af97f228b32117fe0f60a57,13,20480,0.04578631615602508,13.392642972338123,False,0.5254927747554654,gaussian_sigma1.5_population_reflect_full_image_range1,ai_001_001,train,1.0
training_query,1.0,predicted_opacity_gt_1e-6_not_true_visibility,0.36090668912484436,0.30615234375,1.001825303487569,20480,,NOT_IMPLEMENTED,anchor,0.45652022599824704,1.0,7bb29de6287ffb4f644be8afa27c5a792b36f0942af97f228b32117fe0f60a57,13,20480,0.07974978032030464,10.982705045818895,False,0.4300124265376131,gaussian_sigma1.5_population_reflect_full_image_range1,ai_001_001,train,1.0
training_query,1.0,predicted_opacity_gt_1e-6_not_true_visibility,1.4969185134484704,0.003515625,2.7240114995227165,20480,,NOT_IMPLEMENTED,prior,1.0,1.0,7bb29de6287ffb4f644be8afa27c5a792b36f0942af97f228b32117fe0f60a57,13,20480,0.038228447723864516,14.176133362641725,False,0.5799475050639074,gaussian_sigma1.5_population_reflect_full_image_range1,ai_001_001,train,1.0
training_query,1.0,predicted_opacity_gt_1e-6_not_true_visibility,0.4394613622216842,0.22373046875,1.2870218223362875,20480,,NOT_IMPLEMENTED,wrong_scene,0.4667721709298348,1.0,7bb29de6287ffb4f644be8afa27c5a792b36f0942af97f228b32117fe0f60a57,13,20480,0.08057002487813368,10.938265022559824,False,0.41216605286737257,gaussian_sigma1.5_population_reflect_full_image_range1,ai_001_001,train,1.0
training_query,1.0,predicted_opacity_gt_1e-6_not_true_visibility,0.6223864472636785,0.168408203125,1.7106572377636446,20480,,NOT_IMPLEMENTED,A,0.7235568074858747,1.0,bc4cc1ffce4e18906f5670704d822a53159e28d73eeb9ea35a9d42cce4c7bc9f,14,20480,0.07531238123161685,11.231336206312664,False,0.41687179715001543,gaussian_sigma1.5_population_reflect_full_image_range1,ai_001_001,train,1.0
training_query,1.0,predicted_opacity_gt_1e-6_not_true_visibility,0.3654549504808854,0.539111328125,1.0215026173847914,20480,,NOT_IMPLEMENTED,B,0.8597483812322025,1.0,bc4cc1ffce4e18906f5670704d822a53159e28d73eeb9ea35a9d42cce4c7bc9f,14,20480,0.04343105814799079,13.621995894212107,False,0.5046524326522583,gaussian_sigma1.5_population_reflect_full_image_range1,ai_001_001,train,1.0
training_query,1.0,predicted_opacity_gt_1e-6_not_true_visibility,0.49172664184306925,0.44072265625,1.3679276852780637,20480,,NOT_IMPLEMENTED,anchor,0.5620779104843677,1.0,bc4cc1ffce4e18906f5670704d822a53159e28d73eeb9ea35a9d42cce4c7bc9f,14,20480,0.08368616121946734,10.773463532722774,False,0.450311043300157,gaussian_sigma1.5_population_reflect_full_image_range1,ai_001_001,train,1.0
training_query,1.0,predicted_opacity_gt_1e-6_not_true_visibility,0.9483393620997074,0.166259765625,2.266585027611721,20480,,NOT_IMPLEMENTED,prior,1.0,1.0,bc4cc1ffce4e18906f5670704d822a53159e28d73eeb9ea35a9d42cce4c7bc9f,14,20480,0.03892821150214941,14.09735548827178,False,0.5253325629276888,gaussian_sigma1.5_population_reflect_full_image_range1,ai_001_001,train,1.0
training_query,1.0,predicted_opacity_gt_1e-6_not_true_visibility,0.6716156154068494,0.151123046875,1.8775906845139285,20480,,NOT_IMPLEMENTED,wrong_scene,0.6707298763576546,1.0,bc4cc1ffce4e18906f5670704d822a53159e28d73eeb9ea35a9d42cce4c7bc9f,14,20480,0.07196091810555215,11.429033043921958,False,0.4427267223644524,gaussian_sigma1.5_population_reflect_full_image_range1,ai_001_001,train,1.0
training_query,1.0,predicted_opacity_gt_1e-6_not_true_visibility,0.28158464658624627,0.502001953125,1.0052719696936367,20480,,NOT_IMPLEMENTED,A,0.9217028011247749,1.0,bdf68d7ba04eefdbd08ef81b851ab0f608135e1a8e590a58af135362190160bd,15,20480,0.05852856923824437,12.326320923138088,False,0.47219222014565265,gaussian_sigma1.5_population_reflect_full_image_range1,ai_001_001,train,1.0
training_query,1.0,predicted_opacity_gt_1e-6_not_true_visibility,0.22416932892866756,0.580224609375,0.6970100617194169,20480,,NOT_IMPLEMENTED,B,0.9993860004964518,1.0,bdf68d7ba04eefdbd08ef81b851ab0f608135e1a8e590a58af135362190160bd,15,20480,0.047352320747763764,13.246587312700239,False,0.5052414014174449,gaussian_sigma1.5_population_reflect_full_image_range1,ai_001_001,train,1.0
training_query,1.0,predicted_opacity_gt_1e-6_not_true_visibility,1.028808765815624,0.405078125,2.0178333301762765,20480,,NOT_IMPLEMENTED,anchor,0.6465244379272918,1.0,bdf68d7ba04eefdbd08ef81b851ab0f608135e1a8e590a58af135362190160bd,15,20480,0.0863923470074062,10.635247274245865,False,0.46308560878005767,gaussian_sigma1.5_population_reflect_full_image_range1,ai_001_001,train,1.0
training_query,1.0,predicted_opacity_gt_1e-6_not_true_visibility,1.4610848882336247,0.163623046875,2.645079768256223,20480,,NOT_IMPLEMENTED,prior,1.0,1.0,bdf68d7ba04eefdbd08ef81b851ab0f608135e1a8e590a58af135362190160bd,15,20480,0.050103567755249004,13.001313479601082,False,0.4960837826102014,gaussian_sigma1.5_population_reflect_full_image_range1,ai_001_001,train,1.0
training_query,1.0,predicted_opacity_gt_1e-6_not_true_visibility,1.196489196431819,0.12587890625,2.3006265118043436,20480,,NOT_IMPLEMENTED,wrong_scene,0.8253202743253496,1.0,bdf68d7ba04eefdbd08ef81b851ab0f608135e1a8e590a58af135362190160bd,15,20480,0.06454121279198606,11.901628780409064,False,0.44849603449222514,gaussian_sigma1.5_population_reflect_full_image_range1,ai_001_001,train,1.0
frame_holdout,1.0,predicted_opacity_gt_1e-6_not_true_visibility,0.30882462846537495,0.25107421875,2.0206479242899227,20480,,NOT_IMPLEMENTED,A,0.973509931366425,1.0,20e5c713d963962ad97ff9be1598d5e8686b0b95f70a25ade871467d29262723,8,20480,0.0935836035183245,10.288002359338282,False,0.2626444133369958,gaussian_sigma1.5_population_reflect_full_image_range1,ai_002_001,train,1.0
frame_holdout,1.0,predicted_opacity_gt_1e-6_not_true_visibility,0.5279851822100701,0.091064453125,3.2159567546787917,20480,,NOT_IMPLEMENTED,B,0.7858649141038768,1.0,20e5c713d963962ad97ff9be1598d5e8686b0b95f70a25ade871467d29262723,8,20480,0.08738401202218045,10.585680196047676,False,0.33100393746711276,gaussian_sigma1.5_population_reflect_full_image_range1,ai_002_001,train,1.0
frame_holdout,1.0,predicted_opacity_gt_1e-6_not_true_visibility,0.5196410233774695,0.017724609375,3.058668336231721,20480,,NOT_IMPLEMENTED,anchor,0.6086267857404891,1.0,20e5c713d963962ad97ff9be1598d5e8686b0b95f70a25ade871467d29262723,8,20480,0.052952382078160484,12.761144982546824,False,0.4185477938604939,gaussian_sigma1.5_population_reflect_full_image_range1,ai_002_001,train,1.0
frame_holdout,1.0,predicted_opacity_gt_1e-6_not_true_visibility,0.1680711810059421,0.847216796875,1.2150032435809448,20480,,NOT_IMPLEMENTED,prior,1.0,1.0,20e5c713d963962ad97ff9be1598d5e8686b0b95f70a25ade871467d29262723,8,20480,0.11734274341822791,9.305437623999834,False,0.28671683553323885,gaussian_sigma1.5_population_reflect_full_image_range1,ai_002_001,train,1.0
frame_holdout,1.0,predicted_opacity_gt_1e-6_not_true_visibility,0.5196410233774695,0.017724609375,3.058668336231721,20480,,NOT_IMPLEMENTED,wrong_scene,0.6086267857404891,1.0,20e5c713d963962ad97ff9be1598d5e8686b0b95f70a25ade871467d29262723,8,20480,0.052952382078160484,12.761144982546824,False,0.4185477938604939,gaussian_sigma1.5_population_reflect_full_image_range1,ai_002_001,train,1.0
frame_holdout,1.0,predicted_opacity_gt_1e-6_not_true_visibility,0.30784209436184495,0.244287109375,2.1377161047779607,20480,,NOT_IMPLEMENTED,A,0.9730283850454725,1.0,88ddcba62ba60a67eca4376de972beacbc337df83dc52099ddae361652d05506,9,20480,0.07956759678059976,10.99263758951437,False,0.20493121528165414,gaussian_sigma1.5_population_reflect_full_image_range1,ai_002_001,train,1.0
frame_holdout,1.0,predicted_opacity_gt_1e-6_not_true_visibility,0.9206630574477501,0.0,5.459658499644436,20480,,NOT_IMPLEMENTED,B,0.9925669905001996,1.0,88ddcba62ba60a67eca4376de972beacbc337df83dc52099ddae361652d05506,9,20480,0.0527898165586927,12.774498471425524,False,0.3554939330911953,gaussian_sigma1.5_population_reflect_full_image_range1,ai_002_001,train,1.0
frame_holdout,1.0,predicted_opacity_gt_1e-6_not_true_visibility,0.4688343294565386,0.134375,3.320276918604486,20480,,NOT_IMPLEMENTED,anchor,0.5948176445876016,1.0,88ddcba62ba60a67eca4376de972beacbc337df83dc52099ddae361652d05506,9,20480,0.04508634636586219,13.459549569186585,False,0.3425337766147146,gaussian_sigma1.5_population_reflect_full_image_range1,ai_002_001,train,1.0
frame_holdout,1.0,predicted_opacity_gt_1e-6_not_true_visibility,0.25015518935427034,0.614599609375,1.7390838268792137,20480,,NOT_IMPLEMENTED,prior,1.0,1.0,88ddcba62ba60a67eca4376de972beacbc337df83dc52099ddae361652d05506,9,20480,0.10810617498627234,9.661494985918166,False,0.23100221331606813,gaussian_sigma1.5_population_reflect_full_image_range1,ai_002_001,train,1.0
frame_holdout,1.0,predicted_opacity_gt_1e-6_not_true_visibility,0.4688343294565386,0.134375,3.320276918604486,20480,,NOT_IMPLEMENTED,wrong_scene,0.5948176445876016,1.0,88ddcba62ba60a67eca4376de972beacbc337df83dc52099ddae361652d05506,9,20480,0.04508634636586219,13.459549569186585,False,0.3425337766147146,gaussian_sigma1.5_population_reflect_full_image_range1,ai_002_001,train,1.0
training_query,1.0,predicted_opacity_gt_1e-6_not_true_visibility,0.10642811283062499,0.76806640625,0.6007362661388949,20480,,NOT_IMPLEMENTED,A,0.9873677972791484,1.0,0d75eeeb04c90bef97c5a4d86dfb6e31b3aed3177c2e4e9f1786ec125aaa4ea5,12,20480,0.05502850720173664,12.594122684507358,False,0.29889722604604657,gaussian_sigma1.5_population_reflect_full_image_range1,ai_002_001,train,1.0
training_query,1.0,predicted_opacity_gt_1e-6_not_true_visibility,0.26689693218807187,0.39453125,1.1463145770130057,20480,,NOT_IMPLEMENTED,B,0.6737301888206275,1.0,0d75eeeb04c90bef97c5a4d86dfb6e31b3aed3177c2e4e9f1786ec125aaa4ea5,12,20480,0.13521031771544706,8.689901667086326,False,0.26551677404443524,gaussian_sigma1.5_population_reflect_full_image_range1,ai_002_001,train,1.0
training_query,1.0,predicted_opacity_gt_1e-6_not_true_visibility,0.2691599012650176,0.3669921875,1.1653779518667748,20480,,NOT_IMPLEMENTED,anchor,0.6850433682731818,1.0,0d75eeeb04c90bef97c5a4d86dfb6e31b3aed3177c2e4e9f1786ec125aaa4ea5,12,20480,0.1333277705136747,8.750793830338006,False,0.2664542619580553,gaussian_sigma1.5_population_reflect_full_image_range1,ai_002_001,train,1.0
training_query,1.0,predicted_opacity_gt_1e-6_not_true_visibility,0.359136895938471,0.398828125,1.3406989958661215,20480,,NOT_IMPLEMENTED,prior,1.0,1.0,0d75eeeb04c90bef97c5a4d86dfb6e31b3aed3177c2e4e9f1786ec125aaa4ea5,12,20480,0.07442791204703633,11.28264164256411,False,0.26770095762544643,gaussian_sigma1.5_population_reflect_full_image_range1,ai_002_001,train,1.0
training_query,1.0,predicted_opacity_gt_1e-6_not_true_visibility,0.2691599012650176,0.3669921875,1.1653779518667748,20480,,NOT_IMPLEMENTED,wrong_scene,0.6850433682731818,1.0,0d75eeeb04c90bef97c5a4d86dfb6e31b3aed3177c2e4e9f1786ec125aaa4ea5,12,20480,0.1333277705136747,8.750793830338006,False,0.2664542619580553,gaussian_sigma1.5_population_reflect_full_image_range1,ai_002_001,train,1.0
training_query,1.0,predicted_opacity_gt_1e-6_not_true_visibility,0.07864180623794635,0.94638671875,0.45163722490574937,20480,,NOT_IMPLEMENTED,A,0.8959370475960895,1.0,3ad872697b62c5cd12b686d532f3f20349c849bdc191a4ab9833ee1702be6dac,13,20480,0.052316540308703204,12.813609836157303,False,0.42606388337672996,gaussian_sigma1.5_population_reflect_full_image_range1,ai_002_001,train,1.0
training_query,1.0,predicted_opacity_gt_1e-6_not_true_visibility,0.18960270312262165,0.54775390625,1.0029946824946785,20480,,NOT_IMPLEMENTED,B,0.6657791743855341,1.0,3ad872697b62c5cd12b686d532f3f20349c849bdc191a4ab9833ee1702be6dac,13,20480,0.11032739255495949,9.573166456877054,False,0.4214971601526761,gaussian_sigma1.5_population_reflect_full_image_range1,ai_002_001,train,1.0
training_query,1.0,predicted_opacity_gt_1e-6_not_true_visibility,0.1844366946209322,0.550830078125,1.0190941762932468,20480,,NOT_IMPLEMENTED,anchor,0.6769888296854333,1.0,3ad872697b62c5cd12b686d532f3f20349c849bdc191a4ab9833ee1702be6dac,13,20480,0.10794911757890714,9.667809034194,False,0.4229368564874604,gaussian_sigma1.5_population_reflect_full_image_range1,ai_002_001,train,1.0
training_query,1.0,predicted_opacity_gt_1e-6_not_true_visibility,0.201911128725936,0.782568359375,0.9588264853539576,20480,,NOT_IMPLEMENTED,prior,1.0,1.0,3ad872697b62c5cd12b686d532f3f20349c849bdc191a4ab9833ee1702be6dac,13,20480,0.08061649124240171,10.935761080339292,False,0.36803849425448215,gaussian_sigma1.5_population_reflect_full_image_range1,ai_002_001,train,1.0
training_query,1.0,predicted_opacity_gt_1e-6_not_true_visibility,0.1844366946209322,0.550830078125,1.0190941762932468,20480,,NOT_IMPLEMENTED,wrong_scene,0.6769888296854333,1.0,3ad872697b62c5cd12b686d532f3f20349c849bdc191a4ab9833ee1702be6dac,13,20480,0.10794911757890714,9.667809034194,False,0.4229368564874604,gaussian_sigma1.5_population_reflect_full_image_range1,ai_002_001,train,1.0
training_query,1.0,predicted_opacity_gt_1e-6_not_true_visibility,0.0659039259522616,0.976806640625,0.28178304608827187,20480,,NOT_IMPLEMENTED,A,0.9763962243567221,1.0,a140068d6b0a57df8dd4914c8d69e28ab5a2f49fe8b74a78fac5ab93e5d1b32e,14,20480,0.06642709623975339,11.776547316712719,False,0.314174423681977,gaussian_sigma1.5_population_reflect_full_image_range1,ai_002_001,train,1.0
training_query,1.0,predicted_opacity_gt_1e-6_not_true_visibility,0.2507082290986124,0.4892578125,0.8324228884443141,20480,,NOT_IMPLEMENTED,B,0.6604311866307399,1.0,a140068d6b0a57df8dd4914c8d69e28ab5a2f49fe8b74a78fac5ab93e5d1b32e,14,20480,0.20273053649293615,6.930808303324458,False,0.24212804292176068,gaussian_sigma1.5_population_reflect_full_image_range1,ai_002_001,train,1.0
training_query,1.0,predicted_opacity_gt_1e-6_not_true_visibility,0.2500835071360263,0.48427734375,0.828985618910165,20480,,NOT_IMPLEMENTED,anchor,0.6621844808134483,1.0,a140068d6b0a57df8dd4914c8d69e28ab5a2f49fe8b74a78fac5ab93e5d1b32e,14,20480,0.20222919212307702,6.941561530829027,False,0.24244325482677553,gaussian_sigma1.5_population_reflect_full_image_range1,ai_002_001,train,1.0
training_query,1.0,predicted_opacity_gt_1e-6_not_true_visibility,0.6890020073205289,0.0,2.0165501817052305,20480,,NOT_IMPLEMENTED,prior,1.0,1.0,a140068d6b0a57df8dd4914c8d69e28ab5a2f49fe8b74a78fac5ab93e5d1b32e,14,20480,0.08045181776439174,10.94464138810121,False,0.29662105508167735,gaussian_sigma1.5_population_reflect_full_image_range1,ai_002_001,train,1.0
training_query,1.0,predicted_opacity_gt_1e-6_not_true_visibility,0.2500835071360263,0.48427734375,0.828985618910165,20480,,NOT_IMPLEMENTED,wrong_scene,0.6621844808134483,1.0,a140068d6b0a57df8dd4914c8d69e28ab5a2f49fe8b74a78fac5ab93e5d1b32e,14,20480,0.20222919212307702,6.941561530829027,False,0.24244325482677553,gaussian_sigma1.5_population_reflect_full_image_range1,ai_002_001,train,1.0
training_query,1.0,predicted_opacity_gt_1e-6_not_true_visibility,0.2931566406967713,0.356103515625,2.450795915349992,20480,,NOT_IMPLEMENTED,A,0.949527924208087,1.0,436cd175d1f53da2df1429d180e1cab1bf8ac67079d3a844f3b7e5a24b0ef6d2,15,20480,0.04783058797155773,13.202942804026849,False,0.4081043811658568,gaussian_sigma1.5_population_reflect_full_image_range1,ai_002_001,train,1.0
training_query,1.0,predicted_opacity_gt_1e-6_not_true_visibility,0.4536518367496938,0.27666015625,3.144609719240203,20480,,NOT_IMPLEMENTED,B,0.643234668886862,1.0,436cd175d1f53da2df1429d180e1cab1bf8ac67079d3a844f3b7e5a24b0ef6d2,15,20480,0.07973683581745278,10.983410023616786,False,0.35123958992973814,gaussian_sigma1.5_population_reflect_full_image_range1,ai_002_001,train,1.0
training_query,1.0,predicted_opacity_gt_1e-6_not_true_visibility,0.448082494576133,0.269482421875,3.1067690744147294,20480,,NOT_IMPLEMENTED,anchor,0.6748620674479753,1.0,436cd175d1f53da2df1429d180e1cab1bf8ac67079d3a844f3b7e5a24b0ef6d2,15,20480,0.07066599025367437,11.50789550826326,False,0.38126889293317406,gaussian_sigma1.5_population_reflect_full_image_range1,ai_002_001,train,1.0
training_query,1.0,predicted_opacity_gt_1e-6_not_true_visibility,0.2205300878919317,0.6099609375,1.6277155519028788,20480,,NOT_IMPLEMENTED,prior,1.0,1.0,436cd175d1f53da2df1429d180e1cab1bf8ac67079d3a844f3b7e5a24b0ef6d2,15,20480,0.09190875659966861,10.366431092695143,False,0.3006810343872767,gaussian_sigma1.5_population_reflect_full_image_range1,ai_002_001,train,1.0
training_query,1.0,predicted_opacity_gt_1e-6_not_true_visibility,0.448082494576133,0.269482421875,3.1067690744147294,20480,,NOT_IMPLEMENTED,wrong_scene,0.6748620674479753,1.0,436cd175d1f53da2df1429d180e1cab1bf8ac67079d3a844f3b7e5a24b0ef6d2,15,20480,0.07066599025367437,11.50789550826326,False,0.38126889293317406,gaussian_sigma1.5_population_reflect_full_image_range1,ai_002_001,train,1.0
frame_holdout,1.0,predicted_opacity_gt_1e-6_not_true_visibility,5.639621418771503,0.087548828125,2.6744410047466736,20480,,NOT_IMPLEMENTED,A,0.5023940224600665,1.0,64da44881350b4d2c9321c9f283b65fdd40542b1b43e513d2c430ac1ed56d0cc,8,20480,0.03793612484220142,14.209470341643378,False,0.007974714063447345,gaussian_sigma1.5_population_reflect_full_image_range1,ai_003_001,train,1.0
frame_holdout,1.0,predicted_opacity_gt_1e-6_not_true_visibility,2.5215863611761273,0.11162109375,1.247214890846733,20480,,NOT_IMPLEMENTED,B,0.7471223130487488,1.0,64da44881350b4d2c9321c9f283b65fdd40542b1b43e513d2c430ac1ed56d0cc,8,20480,0.011636041272271058,19.341947470083586,False,0.014070741840374252,gaussian_sigma1.5_population_reflect_full_image_range1,ai_003_001,train,1.0
frame_holdout,1.0,predicted_opacity_gt_1e-6_not_true_visibility,5.639621418771503,0.087548828125,2.6744410047466736,20480,,NOT_IMPLEMENTED,anchor,0.5023940224600665,1.0,64da44881350b4d2c9321c9f283b65fdd40542b1b43e513d2c430ac1ed56d0cc,8,20480,0.03793612484220142,14.209470341643378,False,0.007974714063447345,gaussian_sigma1.5_population_reflect_full_image_range1,ai_003_001,train,1.0
frame_holdout,1.0,predicted_opacity_gt_1e-6_not_true_visibility,9.58707144765637,0.0,4.389859468385215,20480,,NOT_IMPLEMENTED,prior,1.0,1.0,64da44881350b4d2c9321c9f283b65fdd40542b1b43e513d2c430ac1ed56d0cc,8,20480,0.25,6.020599913279624,False,0.0003998400639744103,gaussian_sigma1.5_population_reflect_full_image_range1,ai_003_001,train,1.0
frame_holdout,1.0,predicted_opacity_gt_1e-6_not_true_visibility,6.595953885615868,0.0392578125,3.04697125509988,20480,,NOT_IMPLEMENTED,wrong_scene,0.8631363026332111,1.0,64da44881350b4d2c9321c9f283b65fdd40542b1b43e513d2c430ac1ed56d0cc,8,20480,0.15632004241537004,8.059853357852392,False,0.0029946331217610635,gaussian_sigma1.5_population_reflect_full_image_range1,ai_003_001,train,1.0
frame_holdout,1.0,predicted_opacity_gt_1e-6_not_true_visibility,5.925515308778836,0.047119140625,2.8810287828857355,20480,,NOT_IMPLEMENTED,A,0.575739323849848,1.0,46bdf2e8ded576984801ab3f6be0137f136b3f46a11cc36957e3f0554f39668e,9,20480,0.04381561540750482,13.583710840915835,False,0.004398617408308924,gaussian_sigma1.5_population_reflect_full_image_range1,ai_003_001,train,1.0
frame_holdout,1.0,predicted_opacity_gt_1e-6_not_true_visibility,2.66397893673272,0.146337890625,1.0744349842810306,20480,,NOT_IMPLEMENTED,B,0.8543566872831434,1.0,46bdf2e8ded576984801ab3f6be0137f136b3f46a11cc36957e3f0554f39668e,9,20480,0.007676971418519046,21.14810076275081,False,0.03876549106493665,gaussian_sigma1.5_population_reflect_full_image_range1,ai_003_001,train,1.0
frame_holdout,1.0,predicted_opacity_gt_1e-6_not_true_visibility,5.925515308778836,0.047119140625,2.8810287828857355,20480,,NOT_IMPLEMENTED,anchor,0.575739323849848,1.0,46bdf2e8ded576984801ab3f6be0137f136b3f46a11cc36957e3f0554f39668e,9,20480,0.04381561540750482,13.583710840915835,False,0.004398617408308924,gaussian_sigma1.5_population_reflect_full_image_range1,ai_003_001,train,1.0
frame_holdout,1.0,predicted_opacity_gt_1e-6_not_true_visibility,9.700401194458399,0.0,4.288130548219987,20480,,NOT_IMPLEMENTED,prior,1.0,1.0,46bdf2e8ded576984801ab3f6be0137f136b3f46a11cc36957e3f0554f39668e,9,20480,0.25,6.020599913279624,False,0.0003998400639744103,gaussian_sigma1.5_population_reflect_full_image_range1,ai_003_001,train,1.0
frame_holdout,1.0,predicted_opacity_gt_1e-6_not_true_visibility,7.214820037277502,0.00322265625,3.5642748060530964,20480,,NOT_IMPLEMENTED,wrong_scene,0.8333562135579996,1.0,46bdf2e8ded576984801ab3f6be0137f136b3f46a11cc36957e3f0554f39668e,9,20480,0.1966938957218285,7.062091179426989,False,0.0013063428397543436,gaussian_sigma1.5_population_reflect_full_image_range1,ai_003_001,train,1.0
training_query,1.0,predicted_opacity_gt_1e-6_not_true_visibility,0.4441153643033992,0.210400390625,0.5339698992511682,20480,,NOT_IMPLEMENTED,A,0.12073463114393235,1.0,2b26e40f279c4a4269cbbb8e202ec673937201b17c4e867bd316aac1d2077d5c,12,20480,0.0018863160435898506,27.24385541456503,False,0.05259371809440913,gaussian_sigma1.5_population_reflect_full_image_range1,ai_003_001,train,1.0
training_query,1.0,predicted_opacity_gt_1e-6_not_true_visibility,0.4760834219049725,0.273046875,0.6009646905450592,20480,,NOT_IMPLEMENTED,B,0.9888918772310717,1.0,2b26e40f279c4a4269cbbb8e202ec673937201b17c4e867bd316aac1d2077d5c,12,20480,1.1801316826442024e-05,49.28069530104927,False,0.9019295956919138,gaussian_sigma1.5_population_reflect_full_image_range1,ai_003_001,train,1.0
training_query,1.0,predicted_opacity_gt_1e-6_not_true_visibility,0.4441153643033992,0.210400390625,0.5339698992511682,20480,,NOT_IMPLEMENTED,anchor,0.12073463114393235,1.0,2b26e40f279c4a4269cbbb8e202ec673937201b17c4e867bd316aac1d2077d5c,12,20480,0.0018863160435898506,27.24385541456503,False,0.05259371809440913,gaussian_sigma1.5_population_reflect_full_image_range1,ai_003_001,train,1.0
training_query,1.0,predicted_opacity_gt_1e-6_not_true_visibility,9.025320574232307,0.0,4.311605973301115,20480,,NOT_IMPLEMENTED,prior,1.0,1.0,2b26e40f279c4a4269cbbb8e202ec673937201b17c4e867bd316aac1d2077d5c,12,20480,0.25,6.020599913279624,False,0.0003998400639744103,gaussian_sigma1.5_population_reflect_full_image_range1,ai_003_001,train,1.0
training_query,1.0,predicted_opacity_gt_1e-6_not_true_visibility,0.4441153643033992,0.210400390625,0.5339698992511682,20480,,NOT_IMPLEMENTED,wrong_scene,0.12073463114393235,1.0,2b26e40f279c4a4269cbbb8e202ec673937201b17c4e867bd316aac1d2077d5c,12,20480,0.0018863160435898506,27.24385541456503,False,0.05259371809440913,gaussian_sigma1.5_population_reflect_full_image_range1,ai_003_001,train,1.0
training_query,1.0,predicted_opacity_gt_1e-6_not_true_visibility,0.3649598380960432,0.402783203125,0.7288416372055252,20480,,NOT_IMPLEMENTED,A,0.13440377775696105,1.0,0bed2192ab9c83bef79ef8d549b755c42ada4c5b91a6602adae45898413f7290,13,20480,0.0023371509505781076,26.31313236736576,False,0.04246510949480478,gaussian_sigma1.5_population_reflect_full_image_range1,ai_003_001,train,1.0
training_query,1.0,predicted_opacity_gt_1e-6_not_true_visibility,0.5322186960732808,0.1771484375,0.5783652129317757,20480,,NOT_IMPLEMENTED,B,0.9019052658142754,1.0,0bed2192ab9c83bef79ef8d549b755c42ada4c5b91a6602adae45898413f7290,13,20480,6.444801077534347e-05,41.90790482850904,False,0.6780558674397864,gaussian_sigma1.5_population_reflect_full_image_range1,ai_003_001,train,1.0
training_query,1.0,predicted_opacity_gt_1e-6_not_true_visibility,0.3649598380960432,0.402783203125,0.7288416372055252,20480,,NOT_IMPLEMENTED,anchor,0.13440377775696105,1.0,0bed2192ab9c83bef79ef8d549b755c42ada4c5b91a6602adae45898413f7290,13,20480,0.0023371509505781076,26.31313236736576,False,0.04246510949480478,gaussian_sigma1.5_population_reflect_full_image_range1,ai_003_001,train,1.0
training_query,1.0,predicted_opacity_gt_1e-6_not_true_visibility,8.08278159640375,0.0,4.202255665456597,20480,,NOT_IMPLEMENTED,prior,1.0,1.0,0bed2192ab9c83bef79ef8d549b755c42ada4c5b91a6602adae45898413f7290,13,20480,0.25,6.020599913279624,False,0.0003998400639744103,gaussian_sigma1.5_population_reflect_full_image_range1,ai_003_001,train,1.0
training_query,1.0,predicted_opacity_gt_1e-6_not_true_visibility,0.3649598380960432,0.402783203125,0.7288416372055252,20480,,NOT_IMPLEMENTED,wrong_scene,0.13440377775696105,1.0,0bed2192ab9c83bef79ef8d549b755c42ada4c5b91a6602adae45898413f7290,13,20480,0.0023371509505781076,26.31313236736576,False,0.04246510949480478,gaussian_sigma1.5_population_reflect_full_image_range1,ai_003_001,train,1.0
training_query,1.0,predicted_opacity_gt_1e-6_not_true_visibility,0.45786446662983493,0.17890625,0.6690324727786079,20480,,NOT_IMPLEMENTED,A,0.12954876175062963,1.0,6b144a2f5d389edcb16568ccfc3498a95210e64013d47c852139aee94eb111e4,14,20480,0.0021688125698982657,26.637779783574697,False,0.045675898970450206,gaussian_sigma1.5_population_reflect_full_image_range1,ai_003_001,train,1.0
training_query,1.0,predicted_opacity_gt_1e-6_not_true_visibility,0.5351874291082497,0.264599609375,0.5784208404436864,20480,,NOT_IMPLEMENTED,B,0.9504160917014814,1.0,6b144a2f5d389edcb16568ccfc3498a95210e64013d47c852139aee94eb111e4,14,20480,4.937000258464431e-05,43.06536850044055,False,0.7246246495219469,gaussian_sigma1.5_population_reflect_full_image_range1,ai_003_001,train,1.0
training_query,1.0,predicted_opacity_gt_1e-6_not_true_visibility,0.45786446662983493,0.17890625,0.6690324727786079,20480,,NOT_IMPLEMENTED,anchor,0.12954876175062963,1.0,6b144a2f5d389edcb16568ccfc3498a95210e64013d47c852139aee94eb111e4,14,20480,0.0021688125698982657,26.637779783574697,False,0.045675898970450206,gaussian_sigma1.5_population_reflect_full_image_range1,ai_003_001,train,1.0
training_query,1.0,predicted_opacity_gt_1e-6_not_true_visibility,9.370224624559558,0.0,4.2494403069073625,20480,,NOT_IMPLEMENTED,prior,1.0,1.0,6b144a2f5d389edcb16568ccfc3498a95210e64013d47c852139aee94eb111e4,14,20480,0.25,6.020599913279624,False,0.0003998400639744103,gaussian_sigma1.5_population_reflect_full_image_range1,ai_003_001,train,1.0
training_query,1.0,predicted_opacity_gt_1e-6_not_true_visibility,0.45786446662983493,0.17890625,0.6690324727786079,20480,,NOT_IMPLEMENTED,wrong_scene,0.12954876175062963,1.0,6b144a2f5d389edcb16568ccfc3498a95210e64013d47c852139aee94eb111e4,14,20480,0.0021688125698982657,26.637779783574697,False,0.045675898970450206,gaussian_sigma1.5_population_reflect_full_image_range1,ai_003_001,train,1.0
training_query,1.0,predicted_opacity_gt_1e-6_not_true_visibility,0.5016553526796035,0.266015625,0.2877756069235031,20480,,NOT_IMPLEMENTED,A,0.12127193904307206,1.0,84ab98dbca0dcc573b46106ab24a639fda17ba543a2d9cca2c3ab1edd63995dd,15,20480,0.0019223675312449167,27.16163577368664,False,0.051519111316575855,gaussian_sigma1.5_population_reflect_full_image_range1,ai_003_001,train,1.0
training_query,1.0,predicted_opacity_gt_1e-6_not_true_visibility,0.2659963281274015,0.560888671875,0.27780058521657325,20480,,NOT_IMPLEMENTED,B,0.9455754070891998,1.0,84ab98dbca0dcc573b46106ab24a639fda17ba543a2d9cca2c3ab1edd63995dd,15,20480,1.0082767244304452e-05,49.96420258168486,False,0.915212101090804,gaussian_sigma1.5_population_reflect_full_image_range1,ai_003_001,train,1.0
training_query,1.0,predicted_opacity_gt_1e-6_not_true_visibility,0.5016553526796035,0.266015625,0.2877756069235031,20480,,NOT_IMPLEMENTED,anchor,0.12127193904307206,1.0,84ab98dbca0dcc573b46106ab24a639fda17ba543a2d9cca2c3ab1edd63995dd,15,20480,0.0019223675312449167,27.16163577368664,False,0.051519111316575855,gaussian_sigma1.5_population_reflect_full_image_range1,ai_003_001,train,1.0
training_query,1.0,predicted_opacity_gt_1e-6_not_true_visibility,14.126212231664018,0.0,4.5887264479447785,20480,,NOT_IMPLEMENTED,prior,1.0,1.0,84ab98dbca0dcc573b46106ab24a639fda17ba543a2d9cca2c3ab1edd63995dd,15,20480,0.25,6.020599913279624,False,0.0003998400639744103,gaussian_sigma1.5_population_reflect_full_image_range1,ai_003_001,train,1.0
training_query,1.0,predicted_opacity_gt_1e-6_not_true_visibility,0.5047212189689159,0.2630859375,0.2881240280900403,20480,,NOT_IMPLEMENTED,wrong_scene,0.12151337013674493,1.0,84ab98dbca0dcc573b46106ab24a639fda17ba543a2d9cca2c3ab1edd63995dd,15,20480,0.00193385018811122,27.13577172960717,False,0.0512741429237955,gaussian_sigma1.5_population_reflect_full_image_range1,ai_003_001,train,1.0
