scene_name,official_split,protocol_partition,selected_camera,frame_count,previously_observed
ai_001_001,train,train,cam_00,98,True
ai_001_002,train,train,cam_00,99,True
ai_001_003,train,train,cam_00,100,True
ai_001_004,train,train,cam_00,100,True
ai_001_005,train,train,cam_00,100,False
ai_001_006,train,train,cam_00,100,False
ai_001_007,train,train,cam_00,100,False
ai_001_008,train,train,cam_00,100,False
ai_001_009,train,train,cam_00,100,False
ai_001_010,test,diagnostic_test,cam_00,100,True
ai_002_001,train,train,cam_00,100,True
ai_002_002,train,train,cam_00,100,False
ai_002_003,train,train,cam_00,100,False
ai_002_004,train,train,cam_00,100,False
ai_002_005,train,train,cam_00,100,False
ai_002_006,train,train,cam_00,100,False
ai_002_007,train,train,cam_00,100,False
ai_002_008,train,train,cam_00,63,True
ai_002_009,train,train,cam_00,100,False
ai_002_010,train,train,cam_00,100,False
ai_003_001,train,train,cam_00,100,False
ai_003_002,train,train,cam_00,100,False
ai_003_004,train,train,cam_00,94,False
ai_003_005,train,train,cam_00,95,True
ai_003_006,train,train,cam_00,100,False
ai_003_007,test,final_holdout,cam_00,100,False
ai_003_008,train,train,cam_00,100,False
ai_003_009,train,train,cam_00,100,False
ai_003_010,val,val,cam_00,98,True
ai_004_001,train,train,cam_00,100,False
ai_004_002,train,train,cam_00,97,False
ai_004_003,val,val,cam_00,100,False
ai_004_004,val,val,cam_00,100,True
ai_004_005,train,train,cam_00,100,True
ai_004_006,train,train,cam_00,100,False
ai_004_007,train,train,cam_00,100,False
ai_004_008,train,train,cam_00,100,False
ai_004_009,train,train,cam_00,100,False
ai_004_010,val,val,cam_00,50,False
ai_005_001,test,diagnostic_test,cam_00,100,True
ai_005_003,train,train,cam_00,37,False
ai_005_004,train,train,cam_00,100,False
ai_005_005,val,val,cam_00,100,False
ai_005_006,train,train,cam_00,100,True
ai_005_007,train,train,cam_00,100,False
ai_005_008,train,train,cam_00,100,False
ai_005_009,train,train,cam_00,100,False
ai_005_010,test,final_holdout,cam_00,100,False
ai_006_001,train,train,cam_00,100,False
ai_006_002,train,train,cam_00,100,False
ai_006_003,train,train,cam_00,100,True
ai_006_004,train,train,cam_00,100,False
ai_006_006,train,train,cam_00,58,False
ai_006_007,val,val,cam_00,99,True
ai_006_008,train,train,cam_00,100,False
ai_006_009,train,train,cam_00,100,False
ai_006_010,train,train,cam_00,100,False
ai_007_001,val,val,cam_00,100,False
ai_007_002,train,train,cam_00,100,True
ai_007_004,train,train,cam_00,100,False
ai_007_005,train,train,cam_00,100,False
ai_007_006,train,train,cam_00,66,False
ai_007_007,train,train,cam_00,100,False
ai_007_008,train,train,cam_00,100,False
ai_007_009,train,train,cam_00,99,False
ai_007_010,train,train,cam_00,100,True
ai_008_001,train,train,cam_00,100,False
ai_008_002,train,train,cam_00,100,False
ai_008_003,train,train,cam_00,100,False
ai_008_004,train,train,cam_00,100,False
ai_008_005,test,final_holdout,cam_00,100,False
ai_008_006,train,train,cam_00,94,False
ai_008_007,test,diagnostic_test,cam_00,100,True
ai_008_008,train,train,cam_00,100,True
ai_008_009,train,train,cam_00,100,False
ai_008_010,train,train,cam_00,100,False
ai_009_001,train,train,cam_00,100,False
ai_009_002,train,train,cam_00,100,False
ai_009_003,train,train,cam_00,100,False
ai_009_004,train,train,cam_00,100,True
ai_009_005,train,train,cam_00,100,False
ai_009_006,train,train,cam_00,100,False
ai_009_007,val,val,cam_00,100,True
ai_009_008,train,train,cam_00,100,False
ai_009_009,val,val,cam_00,100,False
ai_010_001,train,train,cam_00,100,False
ai_010_002,train,train,cam_00,100,False
ai_010_003,test,final_holdout,cam_00,100,False
ai_010_004,test,diagnostic_test,cam_00,100,True
ai_010_005,train,train,cam_00,100,False
ai_010_006,train,train,cam_00,100,True
ai_010_007,val,val,cam_00,100,True
ai_010_008,train,train,cam_00,99,False
ai_010_009,train,train,cam_00,100,False
ai_011_001,train,train,cam_00,100,False
ai_011_003,train,train,cam_01,100,False
ai_011_004,train,train,cam_01,70,False
ai_011_005,train,train,cam_00,100,False
ai_011_006,train,train,cam_00,100,False
ai_011_007,test,final_holdout,cam_00,87,False
ai_011_008,train,train,cam_00,100,True
ai_011_009,train,train,cam_00,100,False
ai_011_010,train,train,cam_00,9,False
ai_012_001,train,train,cam_00,100,False
ai_012_004,train,train,cam_00,100,False
ai_012_005,val,val,cam_00,100,False
ai_012_007,train,train,cam_01,100,False
ai_012_009,train,train,cam_00,100,False
ai_012_010,train,train,cam_00,100,True
ai_013_001,train,train,cam_00,100,False
ai_013_002,train,train,cam_00,100,False
ai_013_003,train,train,cam_00,100,False
ai_013_004,train,train,cam_00,83,False
ai_013_007,train,train,cam_00,95,False
ai_013_009,train,train,cam_00,100,False
ai_013_010,test,diagnostic_test,cam_00,100,True
ai_014_003,train,train,cam_00,100,True
ai_014_006,test,final_holdout,cam_00,100,False
ai_014_010,train,train,cam_00,100,False
ai_015_001,val,val,cam_00,100,True
ai_015_003,train,train,cam_00,99,False
ai_015_004,val,val,cam_00,100,False
ai_015_005,train,train,cam_00,100,False
ai_015_006,train,train,cam_00,100,False
ai_015_007,train,train,cam_00,6,False
ai_015_008,train,train,cam_00,100,True
ai_015_009,train,train,cam_00,100,False
ai_015_010,test,final_holdout,cam_00,100,False
ai_016_001,val,val,cam_01,100,False
ai_016_002,train,train,cam_00,100,False
ai_016_003,train,train,cam_00,80,False
ai_016_004,val,val,cam_00,100,False
ai_016_005,train,train,cam_00,100,False
ai_016_006,train,train,cam_00,100,False
ai_016_007,train,train,cam_00,100,True
ai_016_009,train,train,cam_00,100,False
ai_016_010,train,train,cam_00,100,False
ai_017_001,train,train,cam_00,100,False
ai_017_002,train,train,cam_00,100,False
ai_017_003,train,train,cam_00,100,False
ai_017_004,train,train,cam_00,100,False
ai_017_005,train,train,cam_00,100,True
ai_017_006,train,train,cam_00,100,False
ai_017_007,val,val,cam_00,100,True
ai_017_008,train,train,cam_00,100,False
ai_017_009,train,train,cam_00,100,False
ai_017_010,train,train,cam_00,100,False
ai_018_001,test,diagnostic_test,cam_00,100,True
ai_018_002,train,train,cam_00,100,False
ai_018_003,train,train,cam_00,100,True
ai_018_004,train,train,cam_00,100,False
ai_018_005,val,val,cam_00,100,False
ai_018_006,train,train,cam_00,100,False
ai_018_007,train,train,cam_00,100,False
ai_018_008,train,train,cam_00,100,False
ai_018_009,train,train,cam_00,100,False
ai_018_010,train,train,cam_00,100,True
ai_019_001,train,train,cam_00,100,False
ai_019_002,train,train,cam_00,100,False
ai_019_003,train,train,cam_00,100,False
ai_019_004,train,train,cam_00,100,False
ai_019_006,train,train,cam_00,100,False
ai_019_007,train,train,cam_00,100,False
ai_019_008,val,val,cam_00,100,True
ai_019_009,train,train,cam_00,100,True
ai_021_001,test,final_holdout,cam_00,100,False
ai_021_002,train,train,cam_00,100,False
ai_021_003,train,train,cam_00,100,False
ai_021_007,train,train,cam_00,99,False
ai_021_008,train,train,cam_00,100,False
ai_021_009,train,train,cam_00,100,False
ai_021_010,train,train,cam_00,100,True
ai_022_001,test,diagnostic_test,cam_00,100,True
ai_022_002,train,train,cam_00,100,False
ai_022_003,test,final_holdout,cam_00,100,False
ai_022_004,train,train,cam_00,95,False
ai_022_005,train,train,cam_00,93,False
ai_022_006,test,final_holdout,cam_00,100,False
ai_022_007,train,train,cam_00,42,False
ai_022_009,train,train,cam_00,100,False
ai_022_010,val,val,cam_00,100,False
ai_023_001,train,train,cam_00,100,True
ai_023_002,train,train,cam_00,100,False
ai_023_003,val,val,cam_00,100,True
ai_023_004,train,train,cam_00,100,False
ai_023_005,test,diagnostic_test,cam_00,100,True
ai_023_006,train,train,cam_00,100,False
ai_023_007,train,train,cam_00,100,False
ai_023_008,train,train,cam_00,100,False
ai_023_009,train,train,cam_00,100,False
ai_023_010,train,train,cam_00,100,True
ai_024_001,train,train,cam_00,100,False
ai_024_002,test,final_holdout,cam_00,100,False
ai_024_003,test,diagnostic_test,cam_00,100,True
ai_024_004,train,train,cam_00,100,False
ai_024_005,test,final_holdout,cam_00,100,False
ai_024_006,train,train,cam_00,100,False
ai_024_007,test,diagnostic_test,cam_00,100,True
ai_024_008,train,train,cam_00,100,False
ai_024_009,train,train,cam_00,100,False
ai_024_010,train,train,cam_00,100,True
ai_024_011,train,train,cam_00,100,False
ai_024_012,val,val,cam_00,100,False
ai_024_013,val,val,cam_00,100,True
ai_024_014,train,train,cam_00,100,False
ai_024_015,train,train,cam_00,50,False
ai_024_016,train,train,cam_00,100,False
ai_024_017,train,train,cam_00,100,False
ai_024_018,train,train,cam_00,100,True
ai_024_019,train,train,cam_00,100,False
ai_026_001,train,train,cam_00,100,False
ai_026_002,test,final_holdout,cam_00,100,False
ai_026_003,train,train,cam_00,100,False
ai_026_004,train,train,cam_00,100,False
ai_026_005,train,train,cam_00,100,False
ai_026_006,train,train,cam_00,100,False
ai_026_007,train,train,cam_00,100,True
ai_026_008,train,train,cam_00,100,False
ai_026_009,train,train,cam_00,100,False
ai_026_011,train,train,cam_00,100,False
ai_026_012,train,train,cam_00,100,False
ai_026_013,train,train,cam_00,100,False
ai_026_014,train,train,cam_00,100,True
ai_026_015,train,train,cam_00,100,False
ai_026_016,train,train,cam_00,100,False
ai_026_017,train,train,cam_00,100,False
ai_026_018,train,train,cam_00,100,False
ai_026_019,train,train,cam_00,100,False
ai_026_020,train,train,cam_00,100,False
ai_027_001,train,train,cam_00,100,True
ai_027_003,train,train,cam_00,98,False
ai_027_004,train,train,cam_00,100,False
ai_027_005,train,train,cam_00,100,False
ai_027_006,train,train,cam_00,100,False
ai_027_007,train,train,cam_00,100,False
ai_027_008,train,train,cam_00,100,True
ai_027_009,train,train,cam_00,99,False
ai_027_010,train,train,cam_00,100,False
ai_028_001,train,train,cam_00,100,False
ai_028_002,train,train,cam_00,100,False
ai_028_003,train,train,cam_00,100,False
ai_028_004,train,train,cam_00,100,True
ai_028_005,test,final_holdout,cam_00,100,False
ai_028_006,test,diagnostic_test,cam_00,100,True
ai_028_008,val,val,cam_00,100,False
ai_028_009,train,train,cam_00,100,False
ai_029_001,train,train,cam_00,77,False
ai_029_002,train,train,cam_00,99,False
ai_029_003,train,train,cam_00,100,False
ai_029_004,train,train,cam_00,100,False
ai_029_005,train,train,cam_00,100,False
ai_030_001,test,final_holdout,cam_00,100,False
ai_030_002,train,train,cam_00,100,True
ai_030_003,train,train,cam_00,100,False
ai_030_004,train,train,cam_00,99,False
ai_030_005,train,train,cam_00,100,False
ai_030_007,train,train,cam_00,83,False
ai_030_008,val,val,cam_00,29,False
ai_030_009,train,train,cam_00,100,False
ai_030_010,train,train,cam_00,99,True
ai_031_001,train,train,cam_00,100,False
ai_031_003,train,train,cam_00,100,False
ai_031_004,val,val,cam_00,100,True
ai_031_006,train,train,cam_00,100,False
ai_031_007,train,train,cam_00,100,False
ai_031_008,test,diagnostic_test,cam_00,100,True
ai_031_009,train,train,cam_00,100,False
ai_031_010,val,val,cam_00,100,False
ai_032_001,train,train,cam_00,100,True
ai_032_002,train,train,cam_00,100,False
ai_032_003,train,train,cam_00,100,False
ai_032_004,train,train,cam_00,100,False
ai_032_005,train,train,cam_00,100,False
ai_032_007,val,val,cam_00,100,True
ai_032_008,train,train,cam_00,100,False
ai_032_009,train,train,cam_00,62,False
ai_033_001,train,train,cam_00,100,True
ai_033_002,test,final_holdout,cam_00,96,False
ai_033_004,train,train,cam_00,97,False
ai_033_005,train,train,cam_00,100,False
ai_033_007,train,train,cam_00,100,False
ai_033_008,train,train,cam_00,92,False
ai_033_009,train,train,cam_00,50,False
ai_033_010,train,train,cam_00,100,True
ai_034_001,train,train,cam_00,100,False
ai_034_002,test,diagnostic_test,cam_00,99,True
ai_034_003,train,train,cam_00,100,False
ai_034_005,train,train,cam_00,100,False
ai_035_001,test,final_holdout,cam_00,100,False
ai_035_002,train,train,cam_00,100,False
ai_035_003,val,val,cam_00,100,False
ai_035_004,val,val,cam_00,100,True
ai_035_005,test,final_holdout,cam_00,100,False
ai_035_006,train,train,cam_00,100,False
ai_035_007,train,train,cam_00,100,True
ai_035_008,train,train,cam_00,100,False
ai_035_009,train,train,cam_00,82,False
ai_035_010,train,train,cam_00,100,False
ai_036_001,train,train,cam_00,100,False
ai_036_002,train,train,cam_00,100,False
ai_036_003,train,train,cam_00,100,False
ai_036_005,train,train,cam_00,100,True
ai_036_006,train,train,cam_00,100,False
ai_036_007,train,train,cam_00,100,False
ai_036_008,train,train,cam_00,100,False
ai_036_010,train,train,cam_00,93,False
ai_037_001,train,train,cam_00,100,False
ai_037_002,train,train,cam_00,95,True
ai_037_003,train,train,cam_00,100,False
ai_037_004,train,train,cam_00,100,False
ai_037_005,train,train,cam_00,100,False
ai_037_006,train,train,cam_00,96,False
ai_037_007,train,train,cam_00,100,False
ai_037_008,train,train,cam_00,100,True
ai_037_009,test,diagnostic_test,cam_00,100,True
ai_037_010,train,train,cam_00,100,False
ai_038_002,train,train,cam_00,98,False
ai_038_004,train,train,cam_00,100,False
ai_038_005,train,train,cam_00,78,False
ai_038_006,train,train,cam_00,100,False
ai_038_007,train,train,cam_00,100,False
ai_038_009,val,val,cam_00,100,False
ai_038_010,train,train,cam_00,100,True
ai_039_002,test,final_holdout,cam_00,100,False
ai_039_003,val,val,cam_00,100,True
ai_039_004,train,train,cam_00,100,False
ai_039_005,train,train,cam_00,100,False
ai_039_006,train,train,cam_00,100,False
ai_039_007,train,train,cam_00,100,False
ai_039_008,train,train,cam_00,99,False
ai_039_009,train,train,cam_00,100,True
ai_039_010,train,train,cam_00,100,False
ai_041_001,train,train,cam_00,100,False
ai_041_002,test,diagnostic_test,cam_00,100,True
ai_041_003,val,val,cam_00,100,False
ai_041_004,test,final_holdout,cam_00,100,False
ai_041_005,train,train,cam_00,100,False
ai_041_006,test,final_holdout,cam_00,100,False
ai_041_007,test,diagnostic_test,cam_00,100,True
ai_041_008,train,train,cam_00,100,False
ai_041_009,train,train,cam_00,100,False
ai_041_010,train,train,cam_00,100,True
ai_042_001,train,train,cam_00,100,False
ai_042_002,train,train,cam_00,98,False
ai_042_003,train,train,cam_00,99,False
ai_042_004,train,train,cam_00,97,False
ai_042_005,train,train,cam_00,100,False
ai_043_002,train,train,cam_00,100,False
ai_043_003,train,train,cam_00,100,True
ai_043_004,train,train,cam_00,100,False
ai_043_005,train,train,cam_00,100,False
ai_043_006,train,train,cam_00,32,False
ai_043_007,train,train,cam_00,100,False
ai_043_008,train,train,cam_00,100,False
ai_043_009,train,train,cam_00,100,True
ai_043_010,train,train,cam_00,100,False
ai_044_001,val,val,cam_00,99,False
ai_044_002,train,train,cam_00,100,False
ai_044_003,val,val,cam_01,100,False
ai_044_004,test,final_holdout,cam_00,100,False
ai_044_005,train,train,cam_00,100,False
ai_044_006,train,train,cam_00,99,False
ai_044_007,train,train,cam_00,100,False
ai_044_008,train,train,cam_00,100,True
ai_044_009,train,train,cam_00,100,False
ai_044_010,train,train,cam_00,100,False
ai_045_001,train,train,cam_00,100,False
ai_045_004,train,train,cam_00,99,False
ai_045_005,train,train,cam_00,100,False
ai_045_006,train,train,cam_00,98,False
ai_045_008,val,val,cam_00,100,True
ai_045_010,train,train,cam_00,83,True
ai_046_001,train,train,cam_00,100,False
ai_046_002,train,train,cam_00,100,False
ai_046_003,train,train,cam_00,100,False
ai_046_004,train,train,cam_00,100,False
ai_046_005,val,val,cam_00,100,False
ai_046_006,train,train,cam_00,92,False
ai_046_007,train,train,cam_00,100,True
ai_046_008,train,train,cam_00,100,False
ai_047_001,train,train,cam_00,100,False
ai_047_002,train,train,cam_00,100,False
ai_047_003,train,train,cam_00,99,False
ai_047_004,train,train,cam_00,100,False
ai_047_005,train,train,cam_00,100,True
ai_047_006,train,train,cam_00,100,False
ai_047_007,train,train,cam_00,100,False
ai_047_008,train,train,cam_00,16,False
ai_047_009,val,val,cam_00,100,True
ai_048_001,val,val,cam_00,100,False
ai_048_002,train,train,cam_00,100,False
ai_048_003,train,train,cam_00,100,False
ai_048_004,train,train,cam_00,100,False
ai_048_005,train,train,cam_00,100,True
ai_048_006,train,train,cam_00,100,False
ai_048_007,train,train,cam_00,99,False
ai_048_008,test,diagnostic_test,cam_00,100,True
ai_048_009,train,train,cam_00,93,False
ai_048_010,test,final_holdout,cam_00,100,False
ai_050_001,train,train,cam_00,100,False
ai_050_002,val,val,cam_00,97,True
ai_050_003,train,train,cam_00,100,False
ai_050_004,train,train,cam_00,100,True
ai_050_005,train,train,cam_00,99,False
ai_051_001,test,diagnostic_test,cam_00,100,True
ai_051_002,train,train,cam_00,100,False
ai_051_003,train,train,cam_00,100,False
ai_051_004,val,val,cam_00,100,False
ai_051_005,train,train,cam_01,100,False
ai_052_001,val,val,cam_00,100,True
ai_052_002,train,train,cam_00,99,False
ai_052_003,val,val,cam_00,95,False
ai_052_004,train,train,cam_00,100,False
ai_052_005,train,train,cam_00,100,True
ai_052_006,train,train,cam_00,100,False
ai_052_007,val,val,cam_00,100,False
ai_052_008,train,train,cam_00,100,False
ai_052_009,test,final_holdout,cam_00,93,False
ai_052_010,train,train,cam_00,100,False
ai_053_001,train,train,cam_00,100,False
ai_053_002,train,train,cam_00,100,False
ai_053_003,val,val,cam_00,100,True
ai_053_004,train,train,cam_00,95,False
ai_053_005,val,val,cam_00,100,False
ai_053_006,train,train,cam_00,100,True
ai_053_007,test,final_holdout,cam_00,100,False
ai_053_008,train,train,cam_00,100,False
ai_053_009,train,train,cam_00,100,False
ai_053_010,test,diagnostic_test,cam_00,100,True
ai_053_012,train,train,cam_00,98,False
ai_053_013,train,train,cam_00,47,False
ai_053_014,train,train,cam_00,100,False
ai_053_016,train,train,cam_00,100,True
ai_053_017,train,train,cam_00,100,False
ai_053_018,train,train,cam_00,100,False
ai_053_019,train,train,cam_00,100,False
ai_053_020,train,train,cam_00,100,False
ai_054_001,train,train,cam_00,100,False
ai_054_002,train,train,cam_01,100,False
ai_054_003,train,train,cam_00,100,True
ai_054_004,train,train,cam_00,90,False
ai_054_005,test,final_holdout,cam_00,100,False
ai_054_006,train,train,cam_00,100,False
ai_054_007,test,diagnostic_test,cam_00,100,True
ai_054_008,train,train,cam_00,98,False
ai_054_009,train,train,cam_00,100,False
ai_054_010,train,train,cam_00,95,False
ai_055_001,train,train,cam_00,100,False
ai_055_002,train,train,cam_00,26,True
ai_055_003,train,train,cam_00,100,False
ai_055_004,train,train,cam_00,99,False
ai_055_005,train,train,cam_00,99,False
ai_055_006,train,train,cam_00,100,False
ai_055_007,train,train,cam_00,100,False
ai_055_008,train,train,cam_00,83,True
ai_055_009,val,val,cam_00,99,True
ai_055_010,train,train,cam_01,100,False
