scene_name,selected_camera,frame_count,reason
ai_001_010,cam_00,100,previously_evaluated_test_scene
ai_005_001,cam_00,100,previously_evaluated_test_scene
ai_008_007,cam_00,100,previously_evaluated_test_scene
ai_010_004,cam_00,100,previously_evaluated_test_scene
ai_013_010,cam_00,100,previously_evaluated_test_scene
ai_018_001,cam_00,100,previously_evaluated_test_scene
ai_022_001,cam_00,100,previously_evaluated_test_scene
ai_023_005,cam_00,100,previously_evaluated_test_scene
ai_024_003,cam_00,100,previously_evaluated_test_scene
ai_024_007,cam_00,100,previously_evaluated_test_scene
ai_028_006,cam_00,100,previously_evaluated_test_scene
ai_031_008,cam_00,100,previously_evaluated_test_scene
ai_034_002,cam_00,99,previously_evaluated_test_scene
ai_037_009,cam_00,100,previously_evaluated_test_scene
ai_041_002,cam_00,100,previously_evaluated_test_scene
ai_041_007,cam_00,100,previously_evaluated_test_scene
ai_048_008,cam_00,100,previously_evaluated_test_scene
ai_051_001,cam_00,100,previously_evaluated_test_scene
ai_053_010,cam_00,100,previously_evaluated_test_scene
ai_054_007,cam_00,100,previously_evaluated_test_scene
