"scene_name","split_partition_name","frame_count"
"ai_001_010","test","100"
"ai_005_001","test","100"
"ai_008_007","test","100"
"ai_010_004","test","100"
"ai_013_010","test","100"
"ai_018_001","test","100"
"ai_022_001","test","100"
"ai_023_005","test","100"
"ai_024_003","test","100"
"ai_024_007","test","100"
"ai_028_006","test","100"
"ai_031_008","test","100"
"ai_034_002","test","99"
"ai_037_009","test","100"
"ai_041_002","test","100"
"ai_041_007","test","100"
"ai_048_008","test","100"
"ai_051_001","test","100"
"ai_053_010","test","100"
"ai_054_007","test","100"
"ai_001_001","train","98"
"ai_001_002","train","99"
"ai_001_003","train","100"
"ai_001_004","train","100"
"ai_002_001","train","100"
"ai_002_008","train","63"
"ai_003_005","train","95"
"ai_004_005","train","100"
"ai_005_006","train","100"
"ai_006_003","train","100"
"ai_007_002","train","100"
"ai_007_010","train","100"
"ai_008_008","train","100"
"ai_009_004","train","100"
"ai_010_006","train","100"
"ai_011_008","train","100"
"ai_012_010","train","100"
"ai_014_003","train","100"
"ai_015_008","train","100"
"ai_016_007","train","100"
"ai_017_005","train","100"
"ai_018_003","train","100"
"ai_018_010","train","100"
"ai_019_009","train","100"
"ai_021_010","train","100"
"ai_023_001","train","100"
"ai_023_010","train","100"
"ai_024_010","train","100"
"ai_024_018","train","100"
"ai_026_007","train","100"
"ai_026_014","train","100"
"ai_027_001","train","100"
"ai_027_008","train","100"
"ai_028_004","train","100"
"ai_030_002","train","100"
"ai_030_010","train","99"
"ai_032_001","train","100"
"ai_033_001","train","100"
"ai_033_010","train","100"
"ai_035_007","train","100"
"ai_036_005","train","100"
"ai_037_002","train","95"
"ai_037_008","train","100"
"ai_038_010","train","100"
"ai_039_009","train","100"
"ai_041_010","train","100"
"ai_043_003","train","100"
"ai_043_009","train","100"
"ai_044_008","train","100"
"ai_045_010","train","83"
"ai_046_007","train","100"
"ai_047_005","train","100"
"ai_048_005","train","100"
"ai_050_004","train","100"
"ai_052_005","train","100"
"ai_053_006","train","100"
"ai_053_016","train","100"
"ai_054_003","train","100"
"ai_055_002","train","26"
"ai_055_008","train","83"
"ai_003_010","val","98"
"ai_004_004","val","100"
"ai_006_007","val","99"
"ai_009_007","val","100"
"ai_010_007","val","100"
"ai_015_001","val","100"
"ai_017_007","val","100"
"ai_019_008","val","100"
"ai_023_003","val","100"
"ai_024_013","val","100"
"ai_031_004","val","100"
"ai_032_007","val","100"
"ai_035_004","val","100"
"ai_039_003","val","100"
"ai_045_008","val","100"
"ai_047_009","val","100"
"ai_050_002","val","97"
"ai_052_001","val","100"
"ai_053_003","val","100"
"ai_055_009","val","99"
