scene_id,frame_id,stage,path,file_size,sha256,dimensions_hw,dtype,min,max,mean,std,exact_zero_pixels_percent,near_black_pixels_percent,unique_rgb_values,nan_values,inf_values
ai_003_001,0,source_rgb,/home/zonghan/measurement-scene-state/outputs/EXP-3D-20260927-small-training-v1/data/raw/ai_003_001/images/scene_cam_00_final_preview/frame.0000.color.jpg,12915,4289a54489d6dba005329f8549e443fc496c0e3ea6dba1794034daa94a3b3f53,"[768, 1024]",uint8,0.0,0.0,0.0,0.0,100.0,100.0,1,0,0
ai_003_001,0,recomputed_resize_rgb,/home/zonghan/measurement-scene-state/outputs/EXP-3D-20260927-small-training-v1/data/prepared/ai_003_001/0000.png,140,34c95027354aae0fd851601978d1e88e8bafab8ac8851d1adfd48abdd033b930,"[128, 160]",uint8,0.0,0.0,0.0,0.0,100.0,100.0,1,0,0
ai_003_001,0,prepared_rgb,/home/zonghan/measurement-scene-state/outputs/EXP-3D-20260927-small-training-v1/data/prepared/ai_003_001/0000.png,140,34c95027354aae0fd851601978d1e88e8bafab8ac8851d1adfd48abdd033b930,"[128, 160]",uint8,0.0,0.0,0.0,0.0,100.0,100.0,1,0,0
ai_003_001,0,model_input,/home/zonghan/measurement-scene-state/outputs/EXP-3D-20260927-small-training-v1/data/prepared/ai_003_001/0000.png,140,34c95027354aae0fd851601978d1e88e8bafab8ac8851d1adfd48abdd033b930,"[128, 160]",float32,0.0,0.0,0.0,0.0,100.0,100.0,1,0,0
ai_003_001,0,evaluator_input,/home/zonghan/measurement-scene-state/outputs/EXP-3D-20260927-small-training-v1/data/prepared/ai_003_001/0000.png,140,34c95027354aae0fd851601978d1e88e8bafab8ac8851d1adfd48abdd033b930,"[128, 160]",float32,0.0,0.0,0.0,0.0,100.0,100.0,1,0,0
ai_003_001,1,source_rgb,/home/zonghan/measurement-scene-state/outputs/EXP-3D-20260927-small-training-v1/data/raw/ai_003_001/images/scene_cam_00_final_preview/frame.0001.color.jpg,12915,4289a54489d6dba005329f8549e443fc496c0e3ea6dba1794034daa94a3b3f53,"[768, 1024]",uint8,0.0,0.0,0.0,0.0,100.0,100.0,1,0,0
ai_003_001,1,recomputed_resize_rgb,/home/zonghan/measurement-scene-state/outputs/EXP-3D-20260927-small-training-v1/data/prepared/ai_003_001/0001.png,140,34c95027354aae0fd851601978d1e88e8bafab8ac8851d1adfd48abdd033b930,"[128, 160]",uint8,0.0,0.0,0.0,0.0,100.0,100.0,1,0,0
ai_003_001,1,prepared_rgb,/home/zonghan/measurement-scene-state/outputs/EXP-3D-20260927-small-training-v1/data/prepared/ai_003_001/0001.png,140,34c95027354aae0fd851601978d1e88e8bafab8ac8851d1adfd48abdd033b930,"[128, 160]",uint8,0.0,0.0,0.0,0.0,100.0,100.0,1,0,0
ai_003_001,1,model_input,/home/zonghan/measurement-scene-state/outputs/EXP-3D-20260927-small-training-v1/data/prepared/ai_003_001/0001.png,140,34c95027354aae0fd851601978d1e88e8bafab8ac8851d1adfd48abdd033b930,"[128, 160]",float32,0.0,0.0,0.0,0.0,100.0,100.0,1,0,0
ai_003_001,1,evaluator_input,/home/zonghan/measurement-scene-state/outputs/EXP-3D-20260927-small-training-v1/data/prepared/ai_003_001/0001.png,140,34c95027354aae0fd851601978d1e88e8bafab8ac8851d1adfd48abdd033b930,"[128, 160]",float32,0.0,0.0,0.0,0.0,100.0,100.0,1,0,0
ai_003_001,2,source_rgb,/home/zonghan/measurement-scene-state/outputs/EXP-3D-20260927-small-training-v1/data/raw/ai_003_001/images/scene_cam_00_final_preview/frame.0002.color.jpg,12915,4289a54489d6dba005329f8549e443fc496c0e3ea6dba1794034daa94a3b3f53,"[768, 1024]",uint8,0.0,0.0,0.0,0.0,100.0,100.0,1,0,0
ai_003_001,2,recomputed_resize_rgb,/home/zonghan/measurement-scene-state/outputs/EXP-3D-20260927-small-training-v1/data/prepared/ai_003_001/0002.png,140,34c95027354aae0fd851601978d1e88e8bafab8ac8851d1adfd48abdd033b930,"[128, 160]",uint8,0.0,0.0,0.0,0.0,100.0,100.0,1,0,0
ai_003_001,2,prepared_rgb,/home/zonghan/measurement-scene-state/outputs/EXP-3D-20260927-small-training-v1/data/prepared/ai_003_001/0002.png,140,34c95027354aae0fd851601978d1e88e8bafab8ac8851d1adfd48abdd033b930,"[128, 160]",uint8,0.0,0.0,0.0,0.0,100.0,100.0,1,0,0
ai_003_001,2,model_input,/home/zonghan/measurement-scene-state/outputs/EXP-3D-20260927-small-training-v1/data/prepared/ai_003_001/0002.png,140,34c95027354aae0fd851601978d1e88e8bafab8ac8851d1adfd48abdd033b930,"[128, 160]",float32,0.0,0.0,0.0,0.0,100.0,100.0,1,0,0
ai_003_001,2,evaluator_input,/home/zonghan/measurement-scene-state/outputs/EXP-3D-20260927-small-training-v1/data/prepared/ai_003_001/0002.png,140,34c95027354aae0fd851601978d1e88e8bafab8ac8851d1adfd48abdd033b930,"[128, 160]",float32,0.0,0.0,0.0,0.0,100.0,100.0,1,0,0
ai_003_001,3,source_rgb,/home/zonghan/measurement-scene-state/outputs/EXP-3D-20260927-small-training-v1/data/raw/ai_003_001/images/scene_cam_00_final_preview/frame.0003.color.jpg,12915,4289a54489d6dba005329f8549e443fc496c0e3ea6dba1794034daa94a3b3f53,"[768, 1024]",uint8,0.0,0.0,0.0,0.0,100.0,100.0,1,0,0
ai_003_001,3,recomputed_resize_rgb,/home/zonghan/measurement-scene-state/outputs/EXP-3D-20260927-small-training-v1/data/prepared/ai_003_001/0003.png,140,34c95027354aae0fd851601978d1e88e8bafab8ac8851d1adfd48abdd033b930,"[128, 160]",uint8,0.0,0.0,0.0,0.0,100.0,100.0,1,0,0
ai_003_001,3,prepared_rgb,/home/zonghan/measurement-scene-state/outputs/EXP-3D-20260927-small-training-v1/data/prepared/ai_003_001/0003.png,140,34c95027354aae0fd851601978d1e88e8bafab8ac8851d1adfd48abdd033b930,"[128, 160]",uint8,0.0,0.0,0.0,0.0,100.0,100.0,1,0,0
ai_003_001,3,model_input,/home/zonghan/measurement-scene-state/outputs/EXP-3D-20260927-small-training-v1/data/prepared/ai_003_001/0003.png,140,34c95027354aae0fd851601978d1e88e8bafab8ac8851d1adfd48abdd033b930,"[128, 160]",float32,0.0,0.0,0.0,0.0,100.0,100.0,1,0,0
ai_003_001,3,evaluator_input,/home/zonghan/measurement-scene-state/outputs/EXP-3D-20260927-small-training-v1/data/prepared/ai_003_001/0003.png,140,34c95027354aae0fd851601978d1e88e8bafab8ac8851d1adfd48abdd033b930,"[128, 160]",float32,0.0,0.0,0.0,0.0,100.0,100.0,1,0,0
ai_003_001,4,source_rgb,/home/zonghan/measurement-scene-state/outputs/EXP-3D-20260927-small-training-v1/data/raw/ai_003_001/images/scene_cam_00_final_preview/frame.0004.color.jpg,12915,4289a54489d6dba005329f8549e443fc496c0e3ea6dba1794034daa94a3b3f53,"[768, 1024]",uint8,0.0,0.0,0.0,0.0,100.0,100.0,1,0,0
ai_003_001,4,recomputed_resize_rgb,/home/zonghan/measurement-scene-state/outputs/EXP-3D-20260927-small-training-v1/data/prepared/ai_003_001/0004.png,140,34c95027354aae0fd851601978d1e88e8bafab8ac8851d1adfd48abdd033b930,"[128, 160]",uint8,0.0,0.0,0.0,0.0,100.0,100.0,1,0,0
ai_003_001,4,prepared_rgb,/home/zonghan/measurement-scene-state/outputs/EXP-3D-20260927-small-training-v1/data/prepared/ai_003_001/0004.png,140,34c95027354aae0fd851601978d1e88e8bafab8ac8851d1adfd48abdd033b930,"[128, 160]",uint8,0.0,0.0,0.0,0.0,100.0,100.0,1,0,0
ai_003_001,4,model_input,/home/zonghan/measurement-scene-state/outputs/EXP-3D-20260927-small-training-v1/data/prepared/ai_003_001/0004.png,140,34c95027354aae0fd851601978d1e88e8bafab8ac8851d1adfd48abdd033b930,"[128, 160]",float32,0.0,0.0,0.0,0.0,100.0,100.0,1,0,0
ai_003_001,4,evaluator_input,/home/zonghan/measurement-scene-state/outputs/EXP-3D-20260927-small-training-v1/data/prepared/ai_003_001/0004.png,140,34c95027354aae0fd851601978d1e88e8bafab8ac8851d1adfd48abdd033b930,"[128, 160]",float32,0.0,0.0,0.0,0.0,100.0,100.0,1,0,0
ai_003_001,5,source_rgb,/home/zonghan/measurement-scene-state/outputs/EXP-3D-20260927-small-training-v1/data/raw/ai_003_001/images/scene_cam_00_final_preview/frame.0005.color.jpg,12915,4289a54489d6dba005329f8549e443fc496c0e3ea6dba1794034daa94a3b3f53,"[768, 1024]",uint8,0.0,0.0,0.0,0.0,100.0,100.0,1,0,0
ai_003_001,5,recomputed_resize_rgb,/home/zonghan/measurement-scene-state/outputs/EXP-3D-20260927-small-training-v1/data/prepared/ai_003_001/0005.png,140,34c95027354aae0fd851601978d1e88e8bafab8ac8851d1adfd48abdd033b930,"[128, 160]",uint8,0.0,0.0,0.0,0.0,100.0,100.0,1,0,0
ai_003_001,5,prepared_rgb,/home/zonghan/measurement-scene-state/outputs/EXP-3D-20260927-small-training-v1/data/prepared/ai_003_001/0005.png,140,34c95027354aae0fd851601978d1e88e8bafab8ac8851d1adfd48abdd033b930,"[128, 160]",uint8,0.0,0.0,0.0,0.0,100.0,100.0,1,0,0
ai_003_001,5,model_input,/home/zonghan/measurement-scene-state/outputs/EXP-3D-20260927-small-training-v1/data/prepared/ai_003_001/0005.png,140,34c95027354aae0fd851601978d1e88e8bafab8ac8851d1adfd48abdd033b930,"[128, 160]",float32,0.0,0.0,0.0,0.0,100.0,100.0,1,0,0
ai_003_001,5,evaluator_input,/home/zonghan/measurement-scene-state/outputs/EXP-3D-20260927-small-training-v1/data/prepared/ai_003_001/0005.png,140,34c95027354aae0fd851601978d1e88e8bafab8ac8851d1adfd48abdd033b930,"[128, 160]",float32,0.0,0.0,0.0,0.0,100.0,100.0,1,0,0
ai_003_001,6,source_rgb,/home/zonghan/measurement-scene-state/outputs/EXP-3D-20260927-small-training-v1/data/raw/ai_003_001/images/scene_cam_00_final_preview/frame.0006.color.jpg,12915,4289a54489d6dba005329f8549e443fc496c0e3ea6dba1794034daa94a3b3f53,"[768, 1024]",uint8,0.0,0.0,0.0,0.0,100.0,100.0,1,0,0
ai_003_001,6,recomputed_resize_rgb,/home/zonghan/measurement-scene-state/outputs/EXP-3D-20260927-small-training-v1/data/prepared/ai_003_001/0006.png,140,34c95027354aae0fd851601978d1e88e8bafab8ac8851d1adfd48abdd033b930,"[128, 160]",uint8,0.0,0.0,0.0,0.0,100.0,100.0,1,0,0
ai_003_001,6,prepared_rgb,/home/zonghan/measurement-scene-state/outputs/EXP-3D-20260927-small-training-v1/data/prepared/ai_003_001/0006.png,140,34c95027354aae0fd851601978d1e88e8bafab8ac8851d1adfd48abdd033b930,"[128, 160]",uint8,0.0,0.0,0.0,0.0,100.0,100.0,1,0,0
ai_003_001,6,model_input,/home/zonghan/measurement-scene-state/outputs/EXP-3D-20260927-small-training-v1/data/prepared/ai_003_001/0006.png,140,34c95027354aae0fd851601978d1e88e8bafab8ac8851d1adfd48abdd033b930,"[128, 160]",float32,0.0,0.0,0.0,0.0,100.0,100.0,1,0,0
ai_003_001,6,evaluator_input,/home/zonghan/measurement-scene-state/outputs/EXP-3D-20260927-small-training-v1/data/prepared/ai_003_001/0006.png,140,34c95027354aae0fd851601978d1e88e8bafab8ac8851d1adfd48abdd033b930,"[128, 160]",float32,0.0,0.0,0.0,0.0,100.0,100.0,1,0,0
ai_003_001,7,source_rgb,/home/zonghan/measurement-scene-state/outputs/EXP-3D-20260927-small-training-v1/data/raw/ai_003_001/images/scene_cam_00_final_preview/frame.0007.color.jpg,12915,4289a54489d6dba005329f8549e443fc496c0e3ea6dba1794034daa94a3b3f53,"[768, 1024]",uint8,0.0,0.0,0.0,0.0,100.0,100.0,1,0,0
ai_003_001,7,recomputed_resize_rgb,/home/zonghan/measurement-scene-state/outputs/EXP-3D-20260927-small-training-v1/data/prepared/ai_003_001/0007.png,140,34c95027354aae0fd851601978d1e88e8bafab8ac8851d1adfd48abdd033b930,"[128, 160]",uint8,0.0,0.0,0.0,0.0,100.0,100.0,1,0,0
ai_003_001,7,prepared_rgb,/home/zonghan/measurement-scene-state/outputs/EXP-3D-20260927-small-training-v1/data/prepared/ai_003_001/0007.png,140,34c95027354aae0fd851601978d1e88e8bafab8ac8851d1adfd48abdd033b930,"[128, 160]",uint8,0.0,0.0,0.0,0.0,100.0,100.0,1,0,0
ai_003_001,7,model_input,/home/zonghan/measurement-scene-state/outputs/EXP-3D-20260927-small-training-v1/data/prepared/ai_003_001/0007.png,140,34c95027354aae0fd851601978d1e88e8bafab8ac8851d1adfd48abdd033b930,"[128, 160]",float32,0.0,0.0,0.0,0.0,100.0,100.0,1,0,0
ai_003_001,7,evaluator_input,/home/zonghan/measurement-scene-state/outputs/EXP-3D-20260927-small-training-v1/data/prepared/ai_003_001/0007.png,140,34c95027354aae0fd851601978d1e88e8bafab8ac8851d1adfd48abdd033b930,"[128, 160]",float32,0.0,0.0,0.0,0.0,100.0,100.0,1,0,0
ai_003_001,8,source_rgb,/home/zonghan/measurement-scene-state/outputs/EXP-3D-20260927-small-training-v1/data/raw/ai_003_001/images/scene_cam_00_final_preview/frame.0008.color.jpg,12916,cf302e257dce09ef456328845efb5f05dc5bbdaa2ac643564cbb83f751d593c8,"[768, 1024]",uint8,0.0,0.0,0.0,0.0,100.0,100.0,1,0,0
ai_003_001,8,recomputed_resize_rgb,/home/zonghan/measurement-scene-state/outputs/EXP-3D-20260927-small-training-v1/data/prepared/ai_003_001/0008.png,140,34c95027354aae0fd851601978d1e88e8bafab8ac8851d1adfd48abdd033b930,"[128, 160]",uint8,0.0,0.0,0.0,0.0,100.0,100.0,1,0,0
ai_003_001,8,prepared_rgb,/home/zonghan/measurement-scene-state/outputs/EXP-3D-20260927-small-training-v1/data/prepared/ai_003_001/0008.png,140,34c95027354aae0fd851601978d1e88e8bafab8ac8851d1adfd48abdd033b930,"[128, 160]",uint8,0.0,0.0,0.0,0.0,100.0,100.0,1,0,0
ai_003_001,8,model_input,/home/zonghan/measurement-scene-state/outputs/EXP-3D-20260927-small-training-v1/data/prepared/ai_003_001/0008.png,140,34c95027354aae0fd851601978d1e88e8bafab8ac8851d1adfd48abdd033b930,"[128, 160]",float32,0.0,0.0,0.0,0.0,100.0,100.0,1,0,0
ai_003_001,8,evaluator_input,/home/zonghan/measurement-scene-state/outputs/EXP-3D-20260927-small-training-v1/data/prepared/ai_003_001/0008.png,140,34c95027354aae0fd851601978d1e88e8bafab8ac8851d1adfd48abdd033b930,"[128, 160]",float32,0.0,0.0,0.0,0.0,100.0,100.0,1,0,0
ai_003_001,9,source_rgb,/home/zonghan/measurement-scene-state/outputs/EXP-3D-20260927-small-training-v1/data/raw/ai_003_001/images/scene_cam_00_final_preview/frame.0009.color.jpg,12915,4289a54489d6dba005329f8549e443fc496c0e3ea6dba1794034daa94a3b3f53,"[768, 1024]",uint8,0.0,0.0,0.0,0.0,100.0,100.0,1,0,0
ai_003_001,9,recomputed_resize_rgb,/home/zonghan/measurement-scene-state/outputs/EXP-3D-20260927-small-training-v1/data/prepared/ai_003_001/0009.png,140,34c95027354aae0fd851601978d1e88e8bafab8ac8851d1adfd48abdd033b930,"[128, 160]",uint8,0.0,0.0,0.0,0.0,100.0,100.0,1,0,0
ai_003_001,9,prepared_rgb,/home/zonghan/measurement-scene-state/outputs/EXP-3D-20260927-small-training-v1/data/prepared/ai_003_001/0009.png,140,34c95027354aae0fd851601978d1e88e8bafab8ac8851d1adfd48abdd033b930,"[128, 160]",uint8,0.0,0.0,0.0,0.0,100.0,100.0,1,0,0
ai_003_001,9,model_input,/home/zonghan/measurement-scene-state/outputs/EXP-3D-20260927-small-training-v1/data/prepared/ai_003_001/0009.png,140,34c95027354aae0fd851601978d1e88e8bafab8ac8851d1adfd48abdd033b930,"[128, 160]",float32,0.0,0.0,0.0,0.0,100.0,100.0,1,0,0
ai_003_001,9,evaluator_input,/home/zonghan/measurement-scene-state/outputs/EXP-3D-20260927-small-training-v1/data/prepared/ai_003_001/0009.png,140,34c95027354aae0fd851601978d1e88e8bafab8ac8851d1adfd48abdd033b930,"[128, 160]",float32,0.0,0.0,0.0,0.0,100.0,100.0,1,0,0
ai_003_001,10,source_rgb,/home/zonghan/measurement-scene-state/outputs/EXP-3D-20260927-small-training-v1/data/raw/ai_003_001/images/scene_cam_00_final_preview/frame.0010.color.jpg,12915,4289a54489d6dba005329f8549e443fc496c0e3ea6dba1794034daa94a3b3f53,"[768, 1024]",uint8,0.0,0.0,0.0,0.0,100.0,100.0,1,0,0
ai_003_001,10,recomputed_resize_rgb,/home/zonghan/measurement-scene-state/outputs/EXP-3D-20260927-small-training-v1/data/prepared/ai_003_001/0010.png,140,34c95027354aae0fd851601978d1e88e8bafab8ac8851d1adfd48abdd033b930,"[128, 160]",uint8,0.0,0.0,0.0,0.0,100.0,100.0,1,0,0
ai_003_001,10,prepared_rgb,/home/zonghan/measurement-scene-state/outputs/EXP-3D-20260927-small-training-v1/data/prepared/ai_003_001/0010.png,140,34c95027354aae0fd851601978d1e88e8bafab8ac8851d1adfd48abdd033b930,"[128, 160]",uint8,0.0,0.0,0.0,0.0,100.0,100.0,1,0,0
ai_003_001,10,model_input,/home/zonghan/measurement-scene-state/outputs/EXP-3D-20260927-small-training-v1/data/prepared/ai_003_001/0010.png,140,34c95027354aae0fd851601978d1e88e8bafab8ac8851d1adfd48abdd033b930,"[128, 160]",float32,0.0,0.0,0.0,0.0,100.0,100.0,1,0,0
ai_003_001,10,evaluator_input,/home/zonghan/measurement-scene-state/outputs/EXP-3D-20260927-small-training-v1/data/prepared/ai_003_001/0010.png,140,34c95027354aae0fd851601978d1e88e8bafab8ac8851d1adfd48abdd033b930,"[128, 160]",float32,0.0,0.0,0.0,0.0,100.0,100.0,1,0,0
ai_003_001,11,source_rgb,/home/zonghan/measurement-scene-state/outputs/EXP-3D-20260927-small-training-v1/data/raw/ai_003_001/images/scene_cam_00_final_preview/frame.0011.color.jpg,12915,4289a54489d6dba005329f8549e443fc496c0e3ea6dba1794034daa94a3b3f53,"[768, 1024]",uint8,0.0,0.0,0.0,0.0,100.0,100.0,1,0,0
ai_003_001,11,recomputed_resize_rgb,/home/zonghan/measurement-scene-state/outputs/EXP-3D-20260927-small-training-v1/data/prepared/ai_003_001/0011.png,140,34c95027354aae0fd851601978d1e88e8bafab8ac8851d1adfd48abdd033b930,"[128, 160]",uint8,0.0,0.0,0.0,0.0,100.0,100.0,1,0,0
ai_003_001,11,prepared_rgb,/home/zonghan/measurement-scene-state/outputs/EXP-3D-20260927-small-training-v1/data/prepared/ai_003_001/0011.png,140,34c95027354aae0fd851601978d1e88e8bafab8ac8851d1adfd48abdd033b930,"[128, 160]",uint8,0.0,0.0,0.0,0.0,100.0,100.0,1,0,0
ai_003_001,11,model_input,/home/zonghan/measurement-scene-state/outputs/EXP-3D-20260927-small-training-v1/data/prepared/ai_003_001/0011.png,140,34c95027354aae0fd851601978d1e88e8bafab8ac8851d1adfd48abdd033b930,"[128, 160]",float32,0.0,0.0,0.0,0.0,100.0,100.0,1,0,0
ai_003_001,11,evaluator_input,/home/zonghan/measurement-scene-state/outputs/EXP-3D-20260927-small-training-v1/data/prepared/ai_003_001/0011.png,140,34c95027354aae0fd851601978d1e88e8bafab8ac8851d1adfd48abdd033b930,"[128, 160]",float32,0.0,0.0,0.0,0.0,100.0,100.0,1,0,0
ai_003_001,12,source_rgb,/home/zonghan/measurement-scene-state/outputs/EXP-3D-20260927-small-training-v1/data/raw/ai_003_001/images/scene_cam_00_final_preview/frame.0012.color.jpg,12915,4289a54489d6dba005329f8549e443fc496c0e3ea6dba1794034daa94a3b3f53,"[768, 1024]",uint8,0.0,0.0,0.0,0.0,100.0,100.0,1,0,0
ai_003_001,12,recomputed_resize_rgb,/home/zonghan/measurement-scene-state/outputs/EXP-3D-20260927-small-training-v1/data/prepared/ai_003_001/0012.png,140,34c95027354aae0fd851601978d1e88e8bafab8ac8851d1adfd48abdd033b930,"[128, 160]",uint8,0.0,0.0,0.0,0.0,100.0,100.0,1,0,0
ai_003_001,12,prepared_rgb,/home/zonghan/measurement-scene-state/outputs/EXP-3D-20260927-small-training-v1/data/prepared/ai_003_001/0012.png,140,34c95027354aae0fd851601978d1e88e8bafab8ac8851d1adfd48abdd033b930,"[128, 160]",uint8,0.0,0.0,0.0,0.0,100.0,100.0,1,0,0
ai_003_001,12,model_input,/home/zonghan/measurement-scene-state/outputs/EXP-3D-20260927-small-training-v1/data/prepared/ai_003_001/0012.png,140,34c95027354aae0fd851601978d1e88e8bafab8ac8851d1adfd48abdd033b930,"[128, 160]",float32,0.0,0.0,0.0,0.0,100.0,100.0,1,0,0
ai_003_001,12,evaluator_input,/home/zonghan/measurement-scene-state/outputs/EXP-3D-20260927-small-training-v1/data/prepared/ai_003_001/0012.png,140,34c95027354aae0fd851601978d1e88e8bafab8ac8851d1adfd48abdd033b930,"[128, 160]",float32,0.0,0.0,0.0,0.0,100.0,100.0,1,0,0
ai_003_001,13,source_rgb,/home/zonghan/measurement-scene-state/outputs/EXP-3D-20260927-small-training-v1/data/raw/ai_003_001/images/scene_cam_00_final_preview/frame.0013.color.jpg,12915,4289a54489d6dba005329f8549e443fc496c0e3ea6dba1794034daa94a3b3f53,"[768, 1024]",uint8,0.0,0.0,0.0,0.0,100.0,100.0,1,0,0
ai_003_001,13,recomputed_resize_rgb,/home/zonghan/measurement-scene-state/outputs/EXP-3D-20260927-small-training-v1/data/prepared/ai_003_001/0013.png,140,34c95027354aae0fd851601978d1e88e8bafab8ac8851d1adfd48abdd033b930,"[128, 160]",uint8,0.0,0.0,0.0,0.0,100.0,100.0,1,0,0
ai_003_001,13,prepared_rgb,/home/zonghan/measurement-scene-state/outputs/EXP-3D-20260927-small-training-v1/data/prepared/ai_003_001/0013.png,140,34c95027354aae0fd851601978d1e88e8bafab8ac8851d1adfd48abdd033b930,"[128, 160]",uint8,0.0,0.0,0.0,0.0,100.0,100.0,1,0,0
ai_003_001,13,model_input,/home/zonghan/measurement-scene-state/outputs/EXP-3D-20260927-small-training-v1/data/prepared/ai_003_001/0013.png,140,34c95027354aae0fd851601978d1e88e8bafab8ac8851d1adfd48abdd033b930,"[128, 160]",float32,0.0,0.0,0.0,0.0,100.0,100.0,1,0,0
ai_003_001,13,evaluator_input,/home/zonghan/measurement-scene-state/outputs/EXP-3D-20260927-small-training-v1/data/prepared/ai_003_001/0013.png,140,34c95027354aae0fd851601978d1e88e8bafab8ac8851d1adfd48abdd033b930,"[128, 160]",float32,0.0,0.0,0.0,0.0,100.0,100.0,1,0,0
ai_003_001,14,source_rgb,/home/zonghan/measurement-scene-state/outputs/EXP-3D-20260927-small-training-v1/data/raw/ai_003_001/images/scene_cam_00_final_preview/frame.0014.color.jpg,12915,4289a54489d6dba005329f8549e443fc496c0e3ea6dba1794034daa94a3b3f53,"[768, 1024]",uint8,0.0,0.0,0.0,0.0,100.0,100.0,1,0,0
ai_003_001,14,recomputed_resize_rgb,/home/zonghan/measurement-scene-state/outputs/EXP-3D-20260927-small-training-v1/data/prepared/ai_003_001/0014.png,140,34c95027354aae0fd851601978d1e88e8bafab8ac8851d1adfd48abdd033b930,"[128, 160]",uint8,0.0,0.0,0.0,0.0,100.0,100.0,1,0,0
ai_003_001,14,prepared_rgb,/home/zonghan/measurement-scene-state/outputs/EXP-3D-20260927-small-training-v1/data/prepared/ai_003_001/0014.png,140,34c95027354aae0fd851601978d1e88e8bafab8ac8851d1adfd48abdd033b930,"[128, 160]",uint8,0.0,0.0,0.0,0.0,100.0,100.0,1,0,0
ai_003_001,14,model_input,/home/zonghan/measurement-scene-state/outputs/EXP-3D-20260927-small-training-v1/data/prepared/ai_003_001/0014.png,140,34c95027354aae0fd851601978d1e88e8bafab8ac8851d1adfd48abdd033b930,"[128, 160]",float32,0.0,0.0,0.0,0.0,100.0,100.0,1,0,0
ai_003_001,14,evaluator_input,/home/zonghan/measurement-scene-state/outputs/EXP-3D-20260927-small-training-v1/data/prepared/ai_003_001/0014.png,140,34c95027354aae0fd851601978d1e88e8bafab8ac8851d1adfd48abdd033b930,"[128, 160]",float32,0.0,0.0,0.0,0.0,100.0,100.0,1,0,0
ai_003_001,15,source_rgb,/home/zonghan/measurement-scene-state/outputs/EXP-3D-20260927-small-training-v1/data/raw/ai_003_001/images/scene_cam_00_final_preview/frame.0015.color.jpg,12915,4289a54489d6dba005329f8549e443fc496c0e3ea6dba1794034daa94a3b3f53,"[768, 1024]",uint8,0.0,0.0,0.0,0.0,100.0,100.0,1,0,0
ai_003_001,15,recomputed_resize_rgb,/home/zonghan/measurement-scene-state/outputs/EXP-3D-20260927-small-training-v1/data/prepared/ai_003_001/0015.png,140,34c95027354aae0fd851601978d1e88e8bafab8ac8851d1adfd48abdd033b930,"[128, 160]",uint8,0.0,0.0,0.0,0.0,100.0,100.0,1,0,0
ai_003_001,15,prepared_rgb,/home/zonghan/measurement-scene-state/outputs/EXP-3D-20260927-small-training-v1/data/prepared/ai_003_001/0015.png,140,34c95027354aae0fd851601978d1e88e8bafab8ac8851d1adfd48abdd033b930,"[128, 160]",uint8,0.0,0.0,0.0,0.0,100.0,100.0,1,0,0
ai_003_001,15,model_input,/home/zonghan/measurement-scene-state/outputs/EXP-3D-20260927-small-training-v1/data/prepared/ai_003_001/0015.png,140,34c95027354aae0fd851601978d1e88e8bafab8ac8851d1adfd48abdd033b930,"[128, 160]",float32,0.0,0.0,0.0,0.0,100.0,100.0,1,0,0
ai_003_001,15,evaluator_input,/home/zonghan/measurement-scene-state/outputs/EXP-3D-20260927-small-training-v1/data/prepared/ai_003_001/0015.png,140,34c95027354aae0fd851601978d1e88e8bafab8ac8851d1adfd48abdd033b930,"[128, 160]",float32,0.0,0.0,0.0,0.0,100.0,100.0,1,0,0
