dataset,scene_id,query_id,cohort,method,rgb_mse,rgb_ssim,depth_absrel,depth_rmse,depth_delta1,opacity,coverage,seconds
old,ai_001_001,8,primary,A,0.05809867221461764,0.3630924977334723,0.7391114453018843,1.7715240139596578,0.274658203125,0.9860844319759053,1.0,0.045511711039580405
old,ai_001_001,8,primary,B,0.044375909711443826,0.39089831227539906,0.3674288759564714,0.9083195604877075,0.640966796875,0.9999498350807698,1.0,0.006728410022333264
old,ai_001_001,8,primary,anchor,0.10869027466524003,0.3361841093007021,0.47116360609108493,1.2362410907964392,0.61083984375,0.6298755637231807,1.0,0.004893384000752121
old,ai_001_001,8,primary,wrong_scene,0.07340440501061754,0.3639853062435968,0.8961592830998029,2.165448063547371,0.09091796875,0.9392723558135913,1.0,0.005217758007347584
old,ai_001_001,8,primary,prior,0.035199859717926045,0.4125816532457847,0.7642225663722024,1.7370969289871359,0.090673828125,1.0,1.0,0.00023745401995256543
old,ai_001_001,8,primary,feature_shuffle,0.04294812434194721,0.41863041285593755,0.5410322667449176,1.2932206177821692,0.625830078125,0.9939036571682663,1.0,0.004800383001565933
old,ai_001_001,8,primary,channel_permutation,0.05809867221461764,0.3630924977334723,0.7391114453018843,1.7715240139596578,0.274658203125,0.9860844319759053,1.0,0.006247280980460346
old,ai_001_001,8,primary,state_mask,0.28291592659503334,0.0002837185644493753,1.0,3.5404961351094313,0.0,0.0,0.0,0.004505493037868291
old,ai_001_001,8,primary,Residual_A,0.049793700975719,0.3559714260235466,0.44948211655200143,1.104120655719926,0.66806640625,0.9860844319759053,1.0,0.013299654005095363
old,ai_001_001,8,primary,Residual_B,0.037858497519257114,0.38183125869167056,0.4057431999456371,1.1213857333601742,0.549169921875,0.9999498350807698,1.0,0.011579655983950943
old,ai_001_001,8,primary,Residual_shuffled,0.04940253913460914,0.3769499298751621,0.5273252955473472,1.3083236858405753,0.482958984375,0.9392723558135913,1.0,0.011179744033142924
old,ai_001_001,8,primary,Residual_zero,0.07703401992356636,0.3779370816824168,0.8660890682987518,3.170226980909131,0.012841796875,0.0,0.0,0.011331368004903197
old,ai_001_001,8,primary,Residual_channel_permutation,0.09923914942833974,0.28345000896276445,0.5522918120211979,1.717161552924514,0.45068359375,0.9860844319759053,1.0,0.013169455982279032
old,ai_001_001,9,primary,A,0.07500093118566148,0.3448000936962084,0.3604581865491692,1.459370316525768,0.389453125,0.7856163490418112,1.0,0.006210666033439338
old,ai_001_001,9,primary,B,0.04674799706841221,0.39439590630561433,0.2584211508958888,1.1023230547652314,0.60068359375,0.935730113153113,1.0,0.006579171982593834
old,ai_001_001,9,primary,anchor,0.1060164468639555,0.3379733435091443,0.37812808866712483,1.5402571836275305,0.526513671875,0.5857585817095241,1.0,0.004470670013688505
old,ai_001_001,9,primary,wrong_scene,0.07796478300451133,0.3380090048048731,0.4993410312353509,1.9236784269881329,0.241357421875,0.7428947512933519,1.0,0.005304527003318071
old,ai_001_001,9,primary,prior,0.03562501463452197,0.4451717268469005,0.3702765314829918,1.3746644616716863,0.521875,1.0,1.0,9.038596181198955e-05
old,ai_001_001,9,primary,feature_shuffle,0.06334652464608846,0.39591876889657024,0.2872004454361577,1.2172588735858285,0.594384765625,0.8156327228985901,1.0,0.00545927498023957
old,ai_001_001,9,primary,channel_permutation,0.07500093118566148,0.3448000936962084,0.3604581865491692,1.459370316525768,0.389453125,0.7856163490418112,1.0,0.005310503009241074
old,ai_001_001,9,primary,state_mask,0.25487013521448904,0.0003557043301072747,1.0,3.9257852306808307,0.0,0.0,0.0,0.0048632059479132295
old,ai_001_001,9,primary,Residual_A,0.03165487139341411,0.44565224286563215,0.2340931192723283,0.9775600639788113,0.542626953125,0.7856163490418112,1.0,0.010083999019116163
old,ai_001_001,9,primary,Residual_B,0.03743289061147245,0.41645692626280145,0.23535943993675557,1.0950230439330404,0.568310546875,0.935730113153113,1.0,0.01108872500481084
old,ai_001_001,9,primary,Residual_shuffled,0.03149239127345526,0.4573059757123294,0.3233797312301281,1.2853740667239946,0.407080078125,0.7428947512933519,1.0,0.01133677497273311
old,ai_001_001,9,primary,Residual_zero,0.03719871607719297,0.4584026774245587,0.5582909184344649,2.3853565939866344,0.041162109375,0.0,0.0,0.010402253014035523
old,ai_001_001,9,primary,Residual_channel_permutation,0.055920198144933084,0.40070974441271867,0.41435839620239046,1.8431159982312753,0.267578125,0.7856163490418112,1.0,0.012070284050423652
old,ai_001_001,12,secondary,A,0.0874499825598348,0.3573941467918063,0.34842081985172974,1.0704897246678051,0.41826171875,0.9966696681454777,1.0,0.005871582019608468
old,ai_001_001,12,secondary,B,0.053921098029044684,0.39895415975370685,0.16455839470931424,0.5465443377438952,0.6685546875,0.9998668915359303,1.0,0.0043172300211153924
old,ai_001_001,12,secondary,anchor,0.12725287721036918,0.34606335639359265,0.3312829612915633,1.161411046706621,0.459326171875,0.6150967371591832,1.0,0.0056289369822479784
old,ai_001_001,12,secondary,wrong_scene,0.13460084183964494,0.30903414809543245,0.48385273572205884,1.4082758493078802,0.173583984375,0.8494798436491692,1.0,0.005325281992554665
old,ai_001_001,12,secondary,prior,0.05169396194540459,0.3930897893419651,0.880768413273141,2.3118638395327404,0.0,1.0,1.0,0.0001036589965224266
old,ai_001_001,12,secondary,feature_shuffle,0.06238846801662934,0.40206420799929404,0.27106768017063104,0.8972989846476044,0.544873046875,0.9983573029370746,1.0,0.004581107001286
old,ai_001_001,12,secondary,channel_permutation,0.0874499825598348,0.3573941467918063,0.34842081985172974,1.0704897246678051,0.41826171875,0.9966696681454777,1.0,0.004579155996907502
old,ai_001_001,12,secondary,state_mask,0.3030990079857315,0.00033340878382482215,1.0,2.764167906677743,0.0,0.0,0.0,0.004964380001183599
old,ai_001_001,12,secondary,Residual_A,0.04817131597061386,0.38029067034276615,0.17220627550118656,0.6300909491683959,0.74462890625,0.9966696681454777,1.0,0.011087913007941097
old,ai_001_001,12,secondary,Residual_B,0.04498740765461495,0.39781750171085545,0.16140925082089536,0.5802316875971814,0.656982421875,0.9998668915359303,1.0,0.010229680978227407
old,ai_001_001,12,secondary,Residual_shuffled,0.0802807727503415,0.3313610967915969,0.24746643994471565,0.7695036631175095,0.540869140625,0.8494798436491692,1.0,0.010419433994684368
old,ai_001_001,12,secondary,Residual_zero,0.07033235535518075,0.38415513696509695,0.7586273803510154,2.112042920303112,0.0,0.0,0.0,0.01311662996886298
old,ai_001_001,12,secondary,Residual_channel_permutation,0.15048144905636657,0.21359083726292782,0.5942705509905496,1.8068614466200703,0.2107421875,0.9966696681454777,1.0,0.010451725975144655
old,ai_001_001,13,secondary,A,0.07621893335287142,0.4205026938886084,0.4132180853205819,1.1879395268981097,0.2404296875,0.49553192063249296,1.0,0.005205869965720922
old,ai_001_001,13,secondary,B,0.04578631615602508,0.5254927747554654,0.23695726869835337,0.6589256256699508,0.53681640625,0.697239433892537,1.0,0.005581314966548234
old,ai_001_001,13,secondary,anchor,0.07974978032030464,0.4300124265376131,0.36090668912484436,1.001825303487569,0.30615234375,0.45652022599824704,1.0,0.00443830102449283
old,ai_001_001,13,secondary,wrong_scene,0.08057002487813368,0.41216605286737257,0.4394613622216842,1.2870218223362875,0.22373046875,0.4667721709298348,1.0,0.004607801965903491
old,ai_001_001,13,secondary,prior,0.038228447723864516,0.5799475050639074,1.4969185134484704,2.7240114995227165,0.003515625,1.0,1.0,0.00012114999117329717
old,ai_001_001,13,secondary,feature_shuffle,0.07232431948906697,0.4438610048954247,0.3464167712709373,0.9603572922925933,0.39189453125,0.5190534898036276,1.0,0.006042668013833463
old,ai_001_001,13,secondary,channel_permutation,0.07621893335287142,0.4205026938886084,0.4132180853205819,1.1879395268981097,0.2404296875,0.49553192063249296,1.0,0.0063942199922166765
old,ai_001_001,13,secondary,state_mask,0.17840755671988157,0.000620372741354788,1.0,2.59651978674556,0.0,0.0,0.0,0.0044269030331633985
old,ai_001_001,13,secondary,Residual_A,0.02169479905093387,0.6002783567328487,0.18099753912774136,0.5640217927149919,0.718896484375,0.49553192063249296,1.0,0.011711660015862435
old,ai_001_001,13,secondary,Residual_B,0.02327388053119313,0.5931205340330563,0.14216946729199179,0.4097482859965357,0.788232421875,0.697239433892537,1.0,0.01116800302406773
old,ai_001_001,13,secondary,Residual_shuffled,0.022281085367444695,0.6017773103376391,0.2084283942203664,0.6155493682360104,0.67919921875,0.4667721709298348,1.0,0.012656977982260287
old,ai_001_001,13,secondary,Residual_zero,0.02754527066126832,0.580895829565996,0.46511813891055553,1.2278548848772082,0.070068359375,0.0,0.0,0.012599804962519556
old,ai_001_001,13,secondary,Residual_channel_permutation,0.02390255119248364,0.582191092385305,0.23590199440806056,0.7123641637305911,0.5404296875,0.49553192063249296,1.0,0.011355402995832264
old,ai_001_001,14,secondary,A,0.07531238123161685,0.41687179715001543,0.6223864472636785,1.7106572377636446,0.168408203125,0.7235568074858747,1.0,0.006325806025415659
old,ai_001_001,14,secondary,B,0.04343105814799079,0.5046524326522583,0.3654549504808854,1.0215026173847914,0.539111328125,0.8597483812322025,1.0,0.0053421990014612675
old,ai_001_001,14,secondary,anchor,0.08368616121946734,0.450311043300157,0.49172664184306925,1.3679276852780637,0.44072265625,0.5620779104843677,1.0,0.006391272007022053
old,ai_001_001,14,secondary,wrong_scene,0.07196091810555215,0.4427267223644524,0.6716156154068494,1.8775906845139285,0.151123046875,0.6707298763576546,1.0,0.004517593013588339
old,ai_001_001,14,secondary,prior,0.03892821150214941,0.5253325629276888,0.9483393620997074,2.266585027611721,0.166259765625,1.0,1.0,9.298697113990784e-05
old,ai_001_001,14,secondary,feature_shuffle,0.05670840294856915,0.46898583899685825,0.4999029109842866,1.414530663903981,0.470166015625,0.7414009791202261,1.0,0.005300371965859085
old,ai_001_001,14,secondary,channel_permutation,0.07531238123161685,0.41687179715001543,0.6223864472636785,1.7106572377636446,0.168408203125,0.7235568074858747,1.0,0.004867466981522739
old,ai_001_001,14,secondary,state_mask,0.2074008889994154,0.0005139689036011244,1.0,3.10362646879473,0.0,0.0,0.0,0.004739133990369737
old,ai_001_001,14,secondary,Residual_A,0.027337518021520433,0.5323845628067801,0.27128528078155567,0.8025240406660519,0.621923828125,0.7235568074858747,1.0,0.010047898977063596
old,ai_001_001,14,secondary,Residual_B,0.028497848928824794,0.5334292565508757,0.19966652815320865,0.6003343861637978,0.735302734375,0.8597483812322025,1.0,0.010992585041094571
old,ai_001_001,14,secondary,Residual_shuffled,0.027957832878272627,0.5459356583647571,0.3294827262769234,0.9816618996017396,0.519873046875,0.6707298763576546,1.0,0.011044771003071219
old,ai_001_001,14,secondary,Residual_zero,0.033422792049999914,0.5307628382313474,0.49173983754129963,1.8695428556060796,0.191943359375,0.0,0.0,0.009944461984559894
old,ai_001_001,14,secondary,Residual_channel_permutation,0.04976907601755915,0.4699125075179436,0.36927722539090563,1.1895743155330336,0.35556640625,0.7235568074858747,1.0,0.011630927037913352
old,ai_001_001,15,secondary,A,0.05852856923824437,0.47219222014565265,0.28158464658624627,1.0052719696936367,0.502001953125,0.9217028011247749,1.0,0.007191494049038738
old,ai_001_001,15,secondary,B,0.047352320747763764,0.5052414014174449,0.22416932892866756,0.6970100617194169,0.580224609375,0.9993860004964518,1.0,0.008023508009500802
old,ai_001_001,15,secondary,anchor,0.0863923470074062,0.46308560878005767,1.028808765815624,2.0178333301762765,0.405078125,0.6465244379272918,1.0,0.007951111998409033
old,ai_001_001,15,secondary,wrong_scene,0.06454121279198606,0.44849603449222514,1.196489196431819,2.3006265118043436,0.12587890625,0.8253202743253496,1.0,0.007107665995135903
old,ai_001_001,15,secondary,prior,0.050103567755249004,0.4960837826102014,1.4610848882336247,2.645079768256223,0.163623046875,1.0,1.0,5.33660058863461e-05
old,ai_001_001,15,secondary,feature_shuffle,0.04518519028900773,0.5173738719601583,0.21450568581882887,0.8107617984053161,0.63525390625,0.9460165569878882,1.0,0.004600003012456
old,ai_001_001,15,secondary,channel_permutation,0.05852856923824437,0.47219222014565265,0.28158464658624627,1.0052719696936367,0.502001953125,0.9217028011247749,1.0,0.005383799027185887
old,ai_001_001,15,secondary,state_mask,0.21705644575320146,0.0006175881044942625,1.0,2.879527674701276,0.0,0.0,0.0,0.005205093999393284
old,ai_001_001,15,secondary,Residual_A,0.041446983753612096,0.518089226465436,0.2621723651004392,0.6355451759085097,0.622509765625,0.9217028011247749,1.0,0.012123247026465833
old,ai_001_001,15,secondary,Residual_B,0.040329934634375855,0.5061903516361113,0.1936102761567286,0.6577220362980124,0.648681640625,0.9993860004964518,1.0,0.01088922203052789
old,ai_001_001,15,secondary,Residual_shuffled,0.04753297733741405,0.5204025798568169,0.9669508213109532,1.8934466254655877,0.3365234375,0.8253202743253496,1.0,0.013232889003120363
old,ai_001_001,15,secondary,Residual_zero,0.04603517955417317,0.5239729627985236,0.4982479878559552,1.0834157403995714,0.20341796875,0.0,0.0,0.010745446023065597
old,ai_001_001,15,secondary,Residual_channel_permutation,0.09200577179383185,0.33006259493989965,0.6359960822353875,1.5770623090339817,0.22353515625,0.9217028011247749,1.0,0.011209876975044608
old,ai_002_001,8,primary,A,0.0935836035183245,0.2626444133369958,0.30882462846537495,2.0206479242899227,0.25107421875,0.973509931366425,1.0,0.0074802539893426
old,ai_002_001,8,primary,B,0.08738401202218045,0.33100393746711276,0.5279851822100701,3.2159567546787917,0.091064453125,0.7858649141038768,1.0,0.005004213948268443
old,ai_002_001,8,primary,anchor,0.052952382078160484,0.4185477938604939,0.5196410233774695,3.058668336231721,0.017724609375,0.6086267857404891,1.0,0.004492931009735912
old,ai_002_001,8,primary,wrong_scene,0.052952382078160484,0.4185477938604939,0.5196410233774695,3.058668336231721,0.017724609375,0.6086267857404891,1.0,0.005613506014924496
old,ai_002_001,8,primary,prior,0.11734274341822791,0.28671683553323885,0.1680711810059421,1.2150032435809448,0.847216796875,1.0,1.0,9.29060042835772e-05
old,ai_002_001,8,primary,feature_shuffle,0.0622505969029913,0.376755121524536,0.5328376409266613,3.0921776080605223,0.0455078125,0.9265485106094274,1.0,0.004332540964242071
old,ai_002_001,8,primary,channel_permutation,0.0935836035183245,0.2626444133369958,0.30882462846537495,2.0206479242899227,0.25107421875,0.973509931366425,1.0,0.004531624028459191
old,ai_002_001,8,primary,state_mask,0.11752312631974954,0.005552107196710402,1.0,5.285339596689433,0.0,0.0,0.0,0.0045362680102698505
old,ai_002_001,8,primary,Residual_A,0.13201987904465554,0.13536922376511945,0.6327595110431166,3.753233858147686,0.055712890625,0.973509931366425,1.0,0.010115851007867604
old,ai_002_001,8,primary,Residual_B,0.14824961039975476,0.20428215196589156,0.7562675328481039,4.140493986671237,0.02216796875,0.7858649141038768,1.0,0.011814831988885999
old,ai_002_001,8,primary,Residual_shuffled,0.10123028173019488,0.2974366759399735,0.5682404843383684,3.318447654862344,0.028125,0.6086267857404891,1.0,0.012026399024762213
old,ai_002_001,8,primary,Residual_zero,0.09480646803881493,0.31920161995205965,0.6389510211989599,3.583205483350086,0.0021484375,0.0,0.0,0.01253054296830669
old,ai_002_001,8,primary,Residual_channel_permutation,0.16650416477678856,0.18757074250754685,0.7058054410470047,4.079764006498257,0.0400390625,0.973509931366425,1.0,0.012476633011829108
old,ai_002_001,9,primary,A,0.07956759678059976,0.20493121528165414,0.30784209436184495,2.1377161047779607,0.244287109375,0.9730283850454725,1.0,0.005952205043286085
old,ai_002_001,9,primary,B,0.0527898165586927,0.3554939330911953,0.9206630574477501,5.459658499644436,0.0,0.9925669905001996,1.0,0.005282473983243108
old,ai_002_001,9,primary,anchor,0.04508634636586219,0.3425337766147146,0.4688343294565386,3.320276918604486,0.134375,0.5948176445876016,1.0,0.005333908018656075
old,ai_002_001,9,primary,wrong_scene,0.04508634636586219,0.3425337766147146,0.4688343294565386,3.320276918604486,0.134375,0.5948176445876016,1.0,0.005083709955215454
old,ai_002_001,9,primary,prior,0.10810617498627234,0.23100221331606813,0.25015518935427034,1.7390838268792137,0.614599609375,1.0,1.0,5.3225026931613684e-05
old,ai_002_001,9,primary,feature_shuffle,0.05327928489865519,0.29062859157931376,0.5532864415437446,3.53372844255399,0.06259765625,0.9671639022999443,1.0,0.005302753997966647
old,ai_002_001,9,primary,channel_permutation,0.07956759678059976,0.20493121528165414,0.30784209436184495,2.1377161047779607,0.244287109375,0.9730283850454725,1.0,0.005761303997132927
old,ai_002_001,9,primary,state_mask,0.10865088610201842,0.0041206607758870655,1.0,5.792545530153968,0.0,0.0,0.0,0.004376502998638898
old,ai_002_001,9,primary,Residual_A,0.11777961485031965,0.10202033654028059,0.6194177266235679,4.067839760456595,0.1109375,0.9730283850454725,1.0,0.010708015004638582
old,ai_002_001,9,primary,Residual_B,0.056150687759910355,0.3069556754986792,0.9645118496276975,5.626364765945516,0.0,0.9925669905001996,1.0,0.012778052012436092
old,ai_002_001,9,primary,Residual_shuffled,0.1315081947710188,0.22134703321569862,0.636754509150756,4.170466259095249,0.0306640625,0.5948176445876016,1.0,0.013803914014715701
old,ai_002_001,9,primary,Residual_zero,0.1107475684042455,0.2508326135103376,0.8697072492475872,5.142401902964571,0.0,0.0,0.0,0.013511079014278948
old,ai_002_001,9,primary,Residual_channel_permutation,0.21200812362607163,0.15227038455689682,0.7042174267553165,4.4204635207648355,0.05556640625,0.9730283850454725,1.0,0.012625062023289502
old,ai_002_001,12,secondary,A,0.05502850720173664,0.29889722604604657,0.10642811283062499,0.6007362661388949,0.76806640625,0.9873677972791484,1.0,0.005459414969664067
old,ai_002_001,12,secondary,B,0.13521031771544706,0.26551677404443524,0.26689693218807187,1.1463145770130057,0.39453125,0.6737301888206275,1.0,0.005546052008867264
old,ai_002_001,12,secondary,anchor,0.1333277705136747,0.2664542619580553,0.2691599012650176,1.1653779518667748,0.3669921875,0.6850433682731818,1.0,0.005324484023731202
old,ai_002_001,12,secondary,wrong_scene,0.1333277705136747,0.2664542619580553,0.2691599012650176,1.1653779518667748,0.3669921875,0.6850433682731818,1.0,0.004571270023006946
old,ai_002_001,12,secondary,prior,0.07442791204703633,0.26770095762544643,0.359136895938471,1.3406989958661215,0.398828125,1.0,1.0,4.99100424349308e-05
old,ai_002_001,12,secondary,feature_shuffle,0.1664390596715563,0.2510216001768893,0.8602739175193633,3.3168457304527763,0.0,0.9185944854980335,1.0,0.004905446025077254
old,ai_002_001,12,secondary,channel_permutation,0.05502850720173664,0.29889722604604657,0.10642811283062499,0.6007362661388949,0.76806640625,0.9873677972791484,1.0,0.004636558995116502
old,ai_002_001,12,secondary,state_mask,0.3047632718050765,0.0004628897809860001,1.0,3.812545525287154,0.0,0.0,0.0,0.004851259000133723
old,ai_002_001,12,secondary,Residual_A,0.051178320339484336,0.30091064454830285,0.09552207592031832,0.5101441958701913,0.861083984375,0.9873677972791484,1.0,0.012792810972314328
old,ai_002_001,12,secondary,Residual_B,0.061975177865383174,0.2872323258892782,0.2204769253818053,0.9785771919680438,0.542041015625,0.6737301888206275,1.0,0.011464399984106421
old,ai_002_001,12,secondary,Residual_shuffled,0.06218280020464499,0.28651174986365385,0.23650720026598188,1.0663305731010542,0.45302734375,0.6850433682731818,1.0,0.011951675987802446
old,ai_002_001,12,secondary,Residual_zero,0.06615366110015047,0.27459103438411037,0.1351874331536484,0.5678646327987729,0.8658203125,0.0,0.0,0.011480036017019302
old,ai_002_001,12,secondary,Residual_channel_permutation,0.09544453498402773,0.22358504856259087,0.39505188408255987,1.6027694147925566,0.313330078125,0.9873677972791484,1.0,0.01344135100953281
old,ai_002_001,13,secondary,A,0.052316540308703204,0.42606388337672996,0.07864180623794635,0.45163722490574937,0.94638671875,0.8959370475960895,1.0,0.00446531199850142
old,ai_002_001,13,secondary,B,0.11032739255495949,0.4214971601526761,0.18960270312262165,1.0029946824946785,0.54775390625,0.6657791743855341,1.0,0.005959920003078878
old,ai_002_001,13,secondary,anchor,0.10794911757890714,0.4229368564874604,0.1844366946209322,1.0190941762932468,0.550830078125,0.6769888296854333,1.0,0.004578388994559646
old,ai_002_001,13,secondary,wrong_scene,0.10794911757890714,0.4229368564874604,0.1844366946209322,1.0190941762932468,0.550830078125,0.6769888296854333,1.0,0.004463744000531733
old,ai_002_001,13,secondary,prior,0.08061649124240171,0.36803849425448215,0.201911128725936,0.9588264853539576,0.782568359375,1.0,1.0,9.206001413986087e-05
old,ai_002_001,13,secondary,feature_shuffle,0.11882783669268007,0.42417849650601036,0.9746169008172793,4.350584642793634,0.0,0.9999934917170321,1.0,0.004302198009099811
old,ai_002_001,13,secondary,channel_permutation,0.052316540308703204,0.42606388337672996,0.07864180623794635,0.45163722490574937,0.94638671875,0.8959370475960895,1.0,0.0041555099887773395
old,ai_002_001,13,secondary,state_mask,0.2508525979614564,0.0012514152349412694,1.0,4.457253070316159,0.0,0.0,0.0,0.0047140109818428755
old,ai_002_001,13,secondary,Residual_A,0.06013354995951796,0.3929741806448049,0.09636083996205538,0.5601031446530502,0.934033203125,0.8959370475960895,1.0,0.01063670899020508
old,ai_002_001,13,secondary,Residual_B,0.06377063264608195,0.4025019505851686,0.1702597153864393,0.8490802687010521,0.783349609375,0.6657791743855341,1.0,0.010307361953891814
old,ai_002_001,13,secondary,Residual_shuffled,0.06543280575369295,0.4073160068912287,0.1404896079412694,0.7029404744152717,0.829150390625,0.6769888296854333,1.0,0.012202258978504688
old,ai_002_001,13,secondary,Residual_zero,0.06546328283703227,0.4055404228128205,0.14492406569071287,0.6840795081187263,0.809912109375,0.0,0.0,0.010383798042312264
old,ai_002_001,13,secondary,Residual_channel_permutation,0.09928119405958383,0.35553233938810824,0.26161773363803487,1.2059379620480848,0.515869140625,0.8959370475960895,1.0,0.011234943987801671
old,ai_002_001,14,secondary,A,0.06642709623975339,0.314174423681977,0.0659039259522616,0.28178304608827187,0.976806640625,0.9763962243567221,1.0,0.006585085007827729
old,ai_002_001,14,secondary,B,0.20273053649293615,0.24212804292176068,0.2507082290986124,0.8324228884443141,0.4892578125,0.6604311866307399,1.0,0.005155095015652478
old,ai_002_001,14,secondary,anchor,0.20222919212307702,0.24244325482677553,0.2500835071360263,0.828985618910165,0.48427734375,0.6621844808134483,1.0,0.004520423011854291
old,ai_002_001,14,secondary,wrong_scene,0.20222919212307702,0.24244325482677553,0.2500835071360263,0.828985618910165,0.48427734375,0.6621844808134483,1.0,0.004795223998371512
old,ai_002_001,14,secondary,prior,0.08045181776439174,0.29662105508167735,0.6890020073205289,2.0165501817052305,0.0,1.0,1.0,9.402399882674217e-05
old,ai_002_001,14,secondary,feature_shuffle,0.34367421700732,0.09867247677557775,0.5217931705938904,1.8107234376735495,0.2294921875,0.5412331609279107,1.0,0.005781687039416283
old,ai_002_001,14,secondary,channel_permutation,0.06642709623975339,0.314174423681977,0.0659039259522616,0.28178304608827187,0.976806640625,0.9763962243567221,1.0,0.006057325983420014
old,ai_002_001,14,secondary,state_mask,0.40888683846727064,0.00034890984250818426,1.0,3.0566329153210128,0.0,0.0,0.0,0.0046855369582772255
old,ai_002_001,14,secondary,Residual_A,0.057700409044408,0.3171151449826862,0.06873571303341944,0.3115606252407126,0.918701171875,0.9763962243567221,1.0,0.010975509008858353
old,ai_002_001,14,secondary,Residual_B,0.06022262523170725,0.3118351835014786,0.1829016170193391,0.6446720525153213,0.757080078125,0.6604311866307399,1.0,0.011001529986970127
old,ai_002_001,14,secondary,Residual_shuffled,0.060237861759354666,0.3117979090896126,0.18137326636206397,0.6375595432781465,0.756787109375,0.6621844808134483,1.0,0.012873602972831577
old,ai_002_001,14,secondary,Residual_zero,0.07648091207255732,0.2975006620256319,0.14550398149034854,0.4722853928567352,0.85302734375,0.0,0.0,0.010140608996152878
old,ai_002_001,14,secondary,Residual_channel_permutation,0.09071322638338283,0.28369188802808887,0.2779685749328283,0.9194421836292886,0.473583984375,0.9763962243567221,1.0,0.012227081984747201
old,ai_002_001,15,secondary,A,0.04783058797155773,0.4081043811658568,0.2931566406967713,2.450795915349992,0.356103515625,0.949527924208087,1.0,0.007108150981366634
old,ai_002_001,15,secondary,B,0.07973683581745278,0.35123958992973814,0.4536518367496938,3.144609719240203,0.27666015625,0.643234668886862,1.0,0.006048594950698316
old,ai_002_001,15,secondary,anchor,0.07066599025367437,0.38126889293317406,0.448082494576133,3.1067690744147294,0.269482421875,0.6748620674479753,1.0,0.004916017991490662
old,ai_002_001,15,secondary,wrong_scene,0.07066599025367437,0.38126889293317406,0.448082494576133,3.1067690744147294,0.269482421875,0.6748620674479753,1.0,0.0054493260104209185
old,ai_002_001,15,secondary,prior,0.09190875659966861,0.3006810343872767,0.2205300878919317,1.6277155519028788,0.6099609375,1.0,1.0,0.0004771659732796252
old,ai_002_001,15,secondary,feature_shuffle,0.09031480477801089,0.3686965597126137,0.7868380750507575,4.349860119233902,0.009228515625,0.9906934756203555,1.0,0.005891604989301413
old,ai_002_001,15,secondary,channel_permutation,0.04783058797155773,0.4081043811658568,0.2931566406967713,2.450795915349992,0.356103515625,0.949527924208087,1.0,0.00534409296233207
old,ai_002_001,15,secondary,state_mask,0.2016557514240759,0.0024427615469786094,1.0,4.993697541596329,0.0,0.0,0.0,0.004184465040452778
old,ai_002_001,15,secondary,Residual_A,0.05467166456156001,0.32225365161569763,0.3269596240783871,2.711874331295529,0.4154296875,0.949527924208087,1.0,0.012213692010845989
old,ai_002_001,15,secondary,Residual_B,0.06445763577048734,0.32073185256151115,0.3925577511402122,2.873655763005111,0.26083984375,0.643234668886862,1.0,0.009264671010896564
old,ai_002_001,15,secondary,Residual_shuffled,0.056028057433024706,0.34582668975378517,0.43973652020644727,3.0732422250994254,0.22431640625,0.6748620674479753,1.0,0.009732820035424083
old,ai_002_001,15,secondary,Residual_zero,0.06037639521551605,0.34770937399354546,0.31699413972832646,2.360853915254218,0.173974609375,0.0,0.0,0.009691198996733874
old,ai_002_001,15,secondary,Residual_channel_permutation,0.07109426913434928,0.2564597524409771,0.5766133298850573,3.4767360366480253,0.08017578125,0.949527924208087,1.0,0.01232980500208214
old,ai_003_001,8,primary,A,0.03793612484220142,0.007974714063447345,5.639621418771503,2.6744410047466736,0.087548828125,0.5023940224600665,1.0,0.004444352991413325
old,ai_003_001,8,primary,B,0.011636041272271058,0.014070741840374252,2.5215863611761273,1.247214890846733,0.11162109375,0.7471223130487488,1.0,0.004795968998223543
old,ai_003_001,8,primary,anchor,0.03793612484220142,0.007974714063447345,5.639621418771503,2.6744410047466736,0.087548828125,0.5023940224600665,1.0,0.004290020035114139
old,ai_003_001,8,primary,wrong_scene,0.15632004241537004,0.0029946331217610635,6.595953885615868,3.04697125509988,0.0392578125,0.8631363026332111,1.0,0.00536500703310594
old,ai_003_001,8,primary,prior,0.25,0.0003998400639744103,9.58707144765637,4.389859468385215,0.0,1.0,1.0,9.181600762531161e-05
old,ai_003_001,8,primary,feature_shuffle,0.03793612484220142,0.007974714063447345,5.639621418771503,2.6744410047466736,0.087548828125,0.5023940224600665,1.0,0.005111438047606498
old,ai_003_001,8,primary,channel_permutation,0.03793612484220142,0.007974714063447345,5.639621418771503,2.6744410047466736,0.087548828125,0.5023940224600665,1.0,0.004906643996946514
old,ai_003_001,8,primary,state_mask,0.0,1.0,1.0,0.682933268411908,0.0,0.0,0.0,0.004927426984068006
old,ai_003_001,8,primary,Residual_A,0.3941774636553551,0.0002778469887240798,3.042085540204718,1.49871623652398,0.021533203125,0.5023940224600665,1.0,0.011358968971762806
old,ai_003_001,8,primary,Residual_B,0.04930114716202002,0.13623954021131368,0.7651215390349886,0.5528675384823206,0.123046875,0.7471223130487488,1.0,0.012905827024951577
old,ai_003_001,8,primary,Residual_shuffled,0.35004686289269565,0.00028891673687543926,4.438671933383652,2.014888667949127,0.0138671875,0.8631363026332111,1.0,0.013101677992381155
old,ai_003_001,8,primary,Residual_zero,0.3711357034672982,0.0003103510006276135,1.0,0.682933268411908,0.0,0.0,0.0,0.010947044007480145
old,ai_003_001,8,primary,Residual_channel_permutation,0.48056800731343774,0.0002392442763498876,2.6032528867749307,1.3144807514349093,0.090966796875,0.5023940224600665,1.0,0.012324962008278817
old,ai_003_001,9,primary,A,0.04381561540750482,0.004398617408308924,5.925515308778836,2.8810287828857355,0.047119140625,0.575739323849848,1.0,0.0052483039908111095
old,ai_003_001,9,primary,B,0.007676971418519046,0.03876549106493665,2.66397893673272,1.0744349842810306,0.146337890625,0.8543566872831434,1.0,0.004906454996671528
old,ai_003_001,9,primary,anchor,0.04381561540750482,0.004398617408308924,5.925515308778836,2.8810287828857355,0.047119140625,0.575739323849848,1.0,0.004880541993770748
old,ai_003_001,9,primary,wrong_scene,0.1966938957218285,0.0013063428397543436,7.214820037277502,3.5642748060530964,0.00322265625,0.8333562135579996,1.0,0.005752551951445639
old,ai_003_001,9,primary,prior,0.25,0.0003998400639744103,9.700401194458399,4.288130548219987,0.0,1.0,1.0,4.7659967094659805e-05
old,ai_003_001,9,primary,feature_shuffle,0.04381561540750482,0.004398617408308924,5.925515308778836,2.8810287828857355,0.047119140625,0.575739323849848,1.0,0.005866268009413034
old,ai_003_001,9,primary,channel_permutation,0.04381561540750482,0.004398617408308924,5.925515308778836,2.8810287828857355,0.047119140625,0.575739323849848,1.0,0.0047218609834089875
old,ai_003_001,9,primary,state_mask,0.0,1.0,1.0,0.8846911391425546,0.0,0.0,0.0,0.005225817963946611
old,ai_003_001,9,primary,Residual_A,0.503850356778009,0.00021738910531205483,2.525170163597219,1.4722606490843373,0.153515625,0.575739323849848,1.0,0.012555789027828723
old,ai_003_001,9,primary,Residual_B,0.00121359760304485,0.780023245312883,0.7348972762678331,0.5817257382903998,0.083544921875,0.8543566872831434,1.0,0.012941405992023647
old,ai_003_001,9,primary,Residual_shuffled,0.44261393063483645,0.00022998760808217803,4.169739862796572,2.4675666763293664,0.0212890625,0.8333562135579996,1.0,0.012377093022223562
old,ai_003_001,9,primary,Residual_zero,0.4162139450901356,0.00028469590985555473,1.0,0.8846911391425546,0.0,0.0,0.0,0.011555208009667695
old,ai_003_001,9,primary,Residual_channel_permutation,0.6868949580714407,0.00016038793253178438,1.9351646505448599,1.25840072084218,0.16513671875,0.575739323849848,1.0,0.011176812986377627
old,ai_003_001,12,secondary,A,0.0018863160435898506,0.05259371809440913,0.4441153643033992,0.5339698992511682,0.210400390625,0.12073463114393235,1.0,0.004710405017249286
old,ai_003_001,12,secondary,B,1.1801316826442024e-05,0.9019295956919138,0.4760834219049725,0.6009646905450592,0.273046875,0.9888918772310717,1.0,0.00548409199109301
old,ai_003_001,12,secondary,anchor,0.0018863160435898506,0.05259371809440913,0.4441153643033992,0.5339698992511682,0.210400390625,0.12073463114393235,1.0,0.004549635981675237
old,ai_003_001,12,secondary,wrong_scene,0.0018863160435898506,0.05259371809440913,0.4441153643033992,0.5339698992511682,0.210400390625,0.12073463114393235,1.0,0.005268806009553373
old,ai_003_001,12,secondary,prior,0.25,0.0003998400639744103,9.025320574232307,4.311605973301115,0.0,1.0,1.0,9.282899554818869e-05
old,ai_003_001,12,secondary,feature_shuffle,0.0018863160435898506,0.05259371809440913,0.4441153643033992,0.5339698992511682,0.210400390625,0.12073463114393235,1.0,0.004773916967678815
old,ai_003_001,12,secondary,channel_permutation,0.0018863160435898506,0.05259371809440913,0.4441153643033992,0.5339698992511682,0.210400390625,0.12073463114393235,1.0,0.004823442955967039
old,ai_003_001,12,secondary,state_mask,0.0,1.0,1.0,0.8171102735217918,0.0,0.0,0.0,0.005616677983198315
old,ai_003_001,12,secondary,Residual_A,0.0,1.0,0.3813342387922928,0.44934868951215434,0.2826171875,0.12073463114393235,1.0,0.010595491039566696
old,ai_003_001,12,secondary,Residual_B,0.0,1.0,0.34718048655805184,0.41764755891823613,0.289111328125,0.9888918772310717,1.0,0.010898861975874752
old,ai_003_001,12,secondary,Residual_shuffled,0.0,1.0,0.3813342387922928,0.44934868951215434,0.2826171875,0.12073463114393235,1.0,0.010811612999532372
old,ai_003_001,12,secondary,Residual_zero,0.0,1.0,0.5419573129167121,0.36400425253868146,0.21015625,0.0,0.0,0.010955057048704475
old,ai_003_001,12,secondary,Residual_channel_permutation,0.0,1.0,0.41451526876075884,0.42293316887204285,0.29833984375,0.12073463114393235,1.0,0.010901737958192825
old,ai_003_001,13,secondary,A,0.0023371509505781076,0.04246510949480478,0.3649598380960432,0.7288416372055252,0.402783203125,0.13440377775696105,1.0,0.0056602509575895965
old,ai_003_001,13,secondary,B,6.444801077534347e-05,0.6780558674397864,0.5322186960732808,0.5783652129317757,0.1771484375,0.9019052658142754,1.0,0.004282300011254847
old,ai_003_001,13,secondary,anchor,0.0023371509505781076,0.04246510949480478,0.3649598380960432,0.7288416372055252,0.402783203125,0.13440377775696105,1.0,0.005350668972823769
old,ai_003_001,13,secondary,wrong_scene,0.0023371509505781076,0.04246510949480478,0.3649598380960432,0.7288416372055252,0.402783203125,0.13440377775696105,1.0,0.004561759007629007
old,ai_003_001,13,secondary,prior,0.25,0.0003998400639744103,8.08278159640375,4.202255665456597,0.0,1.0,1.0,4.621600965037942e-05
old,ai_003_001,13,secondary,feature_shuffle,0.0023371509505781076,0.04246510949480478,0.3649598380960432,0.7288416372055252,0.402783203125,0.13440377775696105,1.0,0.00484022602904588
old,ai_003_001,13,secondary,channel_permutation,0.0023371509505781076,0.04246510949480478,0.3649598380960432,0.7288416372055252,0.402783203125,0.13440377775696105,1.0,0.0044601199915632606
old,ai_003_001,13,secondary,state_mask,0.0,1.0,1.0,1.0524698943178736,0.0,0.0,0.0,0.005047013983130455
old,ai_003_001,13,secondary,Residual_A,0.0,1.0,0.3152328188467455,0.6820889754400818,0.486572265625,0.13440377775696105,1.0,0.011208959971554577
old,ai_003_001,13,secondary,Residual_B,0.0,1.0,0.2914887106511378,0.5267887335078333,0.4314453125,0.9019052658142754,1.0,0.01120561797870323
old,ai_003_001,13,secondary,Residual_shuffled,0.0,1.0,0.3152328188467455,0.6820889754400818,0.486572265625,0.13440377775696105,1.0,0.01096505596069619
old,ai_003_001,13,secondary,Residual_zero,0.0,1.0,0.5684046364891889,0.6144741713342352,0.190576171875,0.0,0.0,0.009895100025460124
old,ai_003_001,13,secondary,Residual_channel_permutation,8.405760189855782e-09,0.9999462880126365,0.38006908671798867,0.6414054976759013,0.2650390625,0.13440377775696105,1.0,0.013716574001591653
old,ai_003_001,14,secondary,A,0.0021688125698982657,0.045675898970450206,0.45786446662983493,0.6690324727786079,0.17890625,0.12954876175062963,1.0,0.004872969991993159
old,ai_003_001,14,secondary,B,4.937000258464431e-05,0.7246246495219469,0.5351874291082497,0.5784208404436864,0.264599609375,0.9504160917014814,1.0,0.005618666997179389
old,ai_003_001,14,secondary,anchor,0.0021688125698982657,0.045675898970450206,0.45786446662983493,0.6690324727786079,0.17890625,0.12954876175062963,1.0,0.005179351021070033
old,ai_003_001,14,secondary,wrong_scene,0.0021688125698982657,0.045675898970450206,0.45786446662983493,0.6690324727786079,0.17890625,0.12954876175062963,1.0,0.005033150955568999
old,ai_003_001,14,secondary,prior,0.25,0.0003998400639744103,9.370224624559558,4.2494403069073625,0.0,1.0,1.0,4.5805994886904955e-05
old,ai_003_001,14,secondary,feature_shuffle,0.0021688125698982657,0.045675898970450206,0.45786446662983493,0.6690324727786079,0.17890625,0.12954876175062963,1.0,0.005364566051866859
old,ai_003_001,14,secondary,channel_permutation,0.0021688125698982657,0.045675898970450206,0.45786446662983493,0.6690324727786079,0.17890625,0.12954876175062963,1.0,0.005962292023468763
old,ai_003_001,14,secondary,state_mask,0.0,1.0,1.0,0.9704697878772552,0.0,0.0,0.0,0.005981929018162191
old,ai_003_001,14,secondary,Residual_A,0.0,1.0,0.36725519170053494,0.6193579129206356,0.368505859375,0.12954876175062963,1.0,0.012300678994506598
old,ai_003_001,14,secondary,Residual_B,0.0,1.0,0.31883478722623587,0.5106830611281544,0.426318359375,0.9504160917014814,1.0,0.009536576981190592
old,ai_003_001,14,secondary,Residual_shuffled,0.0,1.0,0.36725519170053494,0.6193579129206356,0.368505859375,0.12954876175062963,1.0,0.010000090987887233
old,ai_003_001,14,secondary,Residual_zero,0.0,1.0,0.661004219264173,0.5490684357745509,0.225244140625,0.0,0.0,0.009831925039179623
old,ai_003_001,14,secondary,Residual_channel_permutation,0.0,1.0,0.42054411045954304,0.5802511453740512,0.28017578125,0.12954876175062963,1.0,0.011573865020181984
old,ai_003_001,15,secondary,A,0.0019223675312449167,0.051519111316575855,0.5016553526796035,0.2877756069235031,0.266015625,0.12127193904307206,1.0,0.007780463027302176
old,ai_003_001,15,secondary,B,1.0082767244304452e-05,0.915212101090804,0.2659963281274015,0.27780058521657325,0.560888671875,0.9455754070891998,1.0,0.005850144021678716
old,ai_003_001,15,secondary,anchor,0.0019223675312449167,0.051519111316575855,0.5016553526796035,0.2877756069235031,0.266015625,0.12127193904307206,1.0,0.006416140997316688
old,ai_003_001,15,secondary,wrong_scene,0.00193385018811122,0.0512741429237955,0.5047212189689159,0.2881240280900403,0.2630859375,0.12151337013674493,1.0,0.0052365700248628855
old,ai_003_001,15,secondary,prior,0.25,0.0003998400639744103,14.126212231664018,4.5887264479447785,0.0,1.0,1.0,8.993200026452541e-05
old,ai_003_001,15,secondary,feature_shuffle,0.0019223675312449167,0.051519111316575855,0.5016553526796035,0.2877756069235031,0.266015625,0.12127193904307206,1.0,0.005363589036278427
old,ai_003_001,15,secondary,channel_permutation,0.0019223675312449167,0.051519111316575855,0.5016553526796035,0.2877756069235031,0.266015625,0.12127193904307206,1.0,0.005343437020201236
old,ai_003_001,15,secondary,state_mask,0.0,1.0,1.0,0.48503810916588236,0.0,0.0,0.0,0.005414733022917062
old,ai_003_001,15,secondary,Residual_A,2.4440100431446752e-05,0.980481315418962,0.22954766575317365,0.17110396287890145,0.61240234375,0.12127193904307206,1.0,0.010564336029347032
old,ai_003_001,15,secondary,Residual_B,0.0,1.0,0.21432286970941594,0.17527076244537926,0.596728515625,0.9455754070891998,1.0,0.011053158959839493
old,ai_003_001,15,secondary,Residual_shuffled,2.6317527219230765e-05,0.9791933426500502,0.2274417877681847,0.17099600120879904,0.6228515625,0.12151337013674493,1.0,0.010413206997327507
old,ai_003_001,15,secondary,Residual_zero,0.0,1.0,0.5338239497166899,0.20641370824471292,0.17724609375,0.0,0.0,0.011670448002405465
old,ai_003_001,15,secondary,Residual_channel_permutation,0.0002797785860338331,0.9276077461618262,0.3181485231688108,0.1753963591337613,0.40703125,0.12127193904307206,1.0,0.012181919999420643
unseen,ai_004_001,14,primary,A,0.03892156191831678,0.07111883320970079,0.9591415168578091,4.511649858486407,0.03772745253164557,0.07904613490579777,1.0,0.04500921501312405
unseen,ai_004_001,14,primary,B,0.030745911389891585,0.3683499645038889,0.7960548742279512,4.132183133743498,0.020124604430379747,0.47447876019869,1.0,0.006245934986509383
unseen,ai_004_001,14,primary,anchor,0.03796372993729558,0.31020418259249344,0.5941823871568711,3.0434132455969465,0.024970332278481014,0.5948923356772866,1.0,0.005137272994033992
unseen,ai_004_001,14,primary,wrong_scene,0.024975438657199363,0.45671123226409416,0.9707590621491133,4.599530755171623,0.0,0.999999992843368,1.0,0.004485769022721797
unseen,ai_004_001,14,primary,prior,0.17046917737888612,0.16727348346588808,0.8094111403502883,2.1034950925692466,0.2971222310126582,1.0,1.0,0.00018453499069437385
unseen,ai_004_001,14,primary,feature_shuffle,0.13930283174152885,0.19041562544442017,0.6106291919546999,2.941997746917444,0.05775316455696203,0.9294859876485134,1.0,0.005443216010462493
unseen,ai_004_001,14,primary,channel_permutation,0.03892156191831678,0.07111883320970079,0.9591415168578091,4.511649858486407,0.03772745253164557,0.07904613490579777,1.0,0.005443757981993258
unseen,ai_004_001,14,primary,state_mask,0.039360877501132055,0.03311786874081049,1.0,4.679844080402171,0.0,0.0,0.0,0.005341726006008685
unseen,ai_004_001,14,primary,Residual_A,0.12336291757838806,0.20692919287966424,0.5538704323129825,2.5887040917754294,0.15916732594936708,0.07904613490579777,1.0,0.01184472197201103
unseen,ai_004_001,14,primary,Residual_B,0.11480972282997397,0.21655862275425142,0.614510134621412,3.698312437990938,0.1624307753164557,0.47447876019869,1.0,0.011579554993659258
unseen,ai_004_001,14,primary,Residual_shuffled,0.03693683806828048,0.35971841705784485,0.5684804672407274,3.4727692656725027,0.1875,0.999999992843368,1.0,0.01090814801864326
unseen,ai_004_001,14,primary,Residual_zero,0.10673280425736015,0.22476073911792097,0.5369169366671583,2.324790253991053,0.17316060126582278,0.0,0.0,0.01115447300253436
unseen,ai_004_001,14,primary,Residual_channel_permutation,0.1262150774469311,0.20658911177578196,0.5711230536403217,2.633383428155763,0.1569916930379747,0.07904613490579777,1.0,0.011878819961566478
unseen,ai_004_001,15,primary,A,0.03360655329990426,0.40278428278971085,0.7859168361005535,4.832956774118969,0.08025180925944285,0.2737539992258462,1.0,0.006009439006447792
unseen,ai_004_001,15,primary,B,0.04230789662705932,0.32842556979976095,0.5759250140877971,4.17551995006502,0.15747992465549718,0.5779551113853814,1.0,0.004830481018871069
unseen,ai_004_001,15,primary,anchor,0.03986062785301952,0.31570009839160923,0.41501594857856994,3.0455606903121035,0.2097253891147021,0.6029436970391544,1.0,0.00531535898335278
unseen,ai_004_001,15,primary,wrong_scene,0.048324108197296045,0.2829351166533485,0.7380617089314485,4.526325332577783,0.006344800237930009,0.9522474236495327,1.0,0.00530799402622506
unseen,ai_004_001,15,primary,prior,0.1783841846000558,0.16637077079801088,0.43696116046336153,2.044259067032116,0.2635074848815307,1.0,1.0,9.294698247686028e-05
unseen,ai_004_001,15,primary,feature_shuffle,0.11318485821837572,0.22067565746561005,0.36132064736854586,2.6779464109365088,0.2403588777634579,0.8713297285801673,1.0,0.005086491990368813
unseen,ai_004_001,15,primary,channel_permutation,0.03360655329990426,0.40278428278971085,0.7859168361005535,4.832956774118969,0.08025180925944285,0.2737539992258462,1.0,0.004528035991825163
unseen,ai_004_001,15,primary,state_mask,0.03580625358975055,0.037205676035065166,1.0,5.301126470593471,0.0,0.0,0.0,0.005231098970398307
unseen,ai_004_001,15,primary,Residual_A,0.1865757785122284,0.17946586084503852,0.7354643046685617,4.588080137719279,0.019629225736095966,0.2737539992258462,1.0,0.010446227970533073
unseen,ai_004_001,15,primary,Residual_B,0.14865855340212722,0.19731523845869273,0.7317227304403053,4.732202749346849,0.01264003172400119,0.5779551113853814,1.0,0.010790280997753143
unseen,ai_004_001,15,primary,Residual_shuffled,0.08433834046637508,0.2453450862555983,0.8235601221812189,4.732534424526864,0.0,0.9522474236495327,1.0,0.0095034459955059
unseen,ai_004_001,15,primary,Residual_zero,0.17944580284869585,0.21797858800752062,0.5928651946603772,3.8167929041236426,0.011053831664518687,0.0,0.0,0.010620533023029566
unseen,ai_004_001,15,primary,Residual_channel_permutation,0.1435415562052133,0.20551401575837294,0.7840647187983018,4.67090383277636,0.0,0.2737539992258462,1.0,0.010100075975060463
unseen,ai_006_001,14,primary,A,0.3204013666959481,0.09104874814887859,0.9663755629440309,5.0879150657985015,0.0,0.9999998623476131,1.0,0.008389069000259042
unseen,ai_006_001,14,primary,B,0.15384286178420628,0.13025477971295488,0.8295007022187422,4.510238209942178,0.0,0.9983996280643623,1.0,0.0048988969647325575
unseen,ai_006_001,14,primary,anchor,0.3438233252111591,0.09009791577353977,0.3210646384818636,2.521327753559854,0.403369140625,0.665321107651107,1.0,0.005387592012993991
unseen,ai_006_001,14,primary,wrong_scene,0.13503717155615114,0.12856874421017073,0.4361494335850885,2.7973858058750807,0.076220703125,0.9999981129105435,1.0,0.004903355031274259
unseen,ai_006_001,14,primary,prior,0.15606221444512944,0.12911270515101606,0.1811320269978835,1.4584676032657087,0.790234375,1.0,1.0,9.1624038759619e-05
unseen,ai_006_001,14,primary,feature_shuffle,0.2988742366012874,0.09205630619838677,0.7266613913206061,4.1212663593255225,0.0,0.9999916795379249,1.0,0.0060522950370796025
unseen,ai_006_001,14,primary,channel_permutation,0.3204013666959481,0.09104874814887859,0.9663755629440309,5.0879150657985015,0.0,0.9999998623476131,1.0,0.005895845009945333
unseen,ai_006_001,14,primary,state_mask,0.6601230605465614,6.424894297605446e-05,1.0,5.237634249576832,0.0,0.0,0.0,0.004838464024942368
unseen,ai_006_001,14,primary,Residual_A,0.23106245714303464,0.1117689707964549,0.8031116071823492,4.365242988128073,0.0,0.9999998623476131,1.0,0.011958708986639977
unseen,ai_006_001,14,primary,Residual_B,0.13783970013601413,0.1320707835119142,0.855601780970322,4.627417301854787,0.0,0.9983996280643623,1.0,0.012875983025878668
unseen,ai_006_001,14,primary,Residual_shuffled,0.22005211058735524,0.06989101828859437,0.6174054710038733,3.6198875814469558,0.014794921875,0.9999981129105435,1.0,0.013214649981819093
unseen,ai_006_001,14,primary,Residual_zero,0.13799152833300254,0.13140399036451214,0.6777567829534776,3.8096136538128382,0.0,0.0,0.0,0.012285730976145715
unseen,ai_006_001,14,primary,Residual_channel_permutation,0.6272132632001272,0.00905524262415196,1.0,5.237634249576832,0.0,0.9999998623476131,1.0,0.011864843021612614
unseen,ai_006_001,15,primary,A,0.21076696775862253,0.12943053281969785,0.5406915706887251,3.8661785447148387,0.043017578125,0.9980451102397637,1.0,0.005460246000438929
unseen,ai_006_001,15,primary,B,0.1916462065545232,0.13044208236050678,0.5357737895238333,3.7084741048006475,0.044189453125,0.9770772731426405,1.0,0.00483319500926882
unseen,ai_006_001,15,primary,anchor,0.3362636153619159,0.09435106714749082,0.360769355547888,3.1205202883686787,0.33720703125,0.6458566971879918,1.0,0.005253616021946073
unseen,ai_006_001,15,primary,wrong_scene,0.1486900492501259,0.13629106935999438,0.3848313468610115,2.9824795120627647,0.150439453125,0.9996606244676514,1.0,0.004255083971656859
unseen,ai_006_001,15,primary,prior,0.15219848914424972,0.14628529878333071,0.19890393068935283,1.8417657602601323,0.593701171875,1.0,1.0,9.536102879792452e-05
unseen,ai_006_001,15,primary,feature_shuffle,0.21795174964148456,0.12382326803544012,0.524324412649181,3.650016232885453,0.035888671875,0.996118968151859,1.0,0.005145087954588234
unseen,ai_006_001,15,primary,channel_permutation,0.21076696775862253,0.12943053281969785,0.5406915706887251,3.8661785447148387,0.043017578125,0.9980451102397637,1.0,0.004534782958216965
unseen,ai_006_001,15,primary,state_mask,0.6389425206716247,5.9768549776663174e-05,1.0,5.880293407028639,0.0,0.0,0.0,0.004359673010185361
unseen,ai_006_001,15,primary,Residual_A,0.14378923070231966,0.14048415361306216,0.5405235525042368,3.8067538088935793,0.034814453125,0.9980451102397637,1.0,0.010250744002405554
unseen,ai_006_001,15,primary,Residual_B,0.13367239388247512,0.14880171008484677,0.5748081672180332,3.9118626384246626,0.01513671875,0.9770772731426405,1.0,0.010292687045875937
unseen,ai_006_001,15,primary,Residual_shuffled,0.23435383952080852,0.06311890702570465,0.5688835442986566,4.017947718387123,0.068798828125,0.9996606244676514,1.0,0.010464205988682806
unseen,ai_006_001,15,primary,Residual_zero,0.14756970250858972,0.14863007918520435,0.9422041305298856,5.584402691955322,0.0,0.0,0.0,0.010734377021435648
unseen,ai_006_001,15,primary,Residual_channel_permutation,0.3472846995344484,0.07098439522629132,0.8680267745037298,5.3105594702634225,0.0,0.9980451102397637,1.0,0.011216055019758642
unseen,ai_007_002,14,primary,A,0.09849715020702449,0.48381296517458133,0.9760957295308309,3.8889571742503746,0.0,0.9999999967840267,1.0,0.0042995979893021286
unseen,ai_007_002,14,primary,B,0.06392452825804283,0.49757459246383823,0.9658043416697059,3.85701061628832,0.0,0.9999999934138032,1.0,0.004302817978896201
unseen,ai_007_002,14,primary,anchor,0.18121983542248507,0.4002001652569434,0.44684791009861097,2.278083463131347,0.293115234375,0.6888290188304381,1.0,0.004836326988879591
unseen,ai_007_002,14,primary,wrong_scene,0.176444209977639,0.4016575859701802,0.7011988366847693,3.0539854911965603,0.04775390625,0.9231491191894747,1.0,0.004308329022023827
unseen,ai_007_002,14,primary,prior,0.08356786265339068,0.4816125681101682,0.5939420137465639,1.6732974076260196,0.5419921875,1.0,1.0,9.101396426558495e-05
unseen,ai_007_002,14,primary,feature_shuffle,0.26970867680928534,0.25720743751410274,0.7249470074149602,3.1792340529239747,0.021044921875,0.5796200802769362,1.0,0.004711345012765378
unseen,ai_007_002,14,primary,channel_permutation,0.09849715020702449,0.48381296517458133,0.9760957295308309,3.8889571742503746,0.0,0.9999999967840267,1.0,0.005350615014322102
unseen,ai_007_002,14,primary,state_mask,0.4388104175036452,0.0012852676519120815,1.0,3.9592576587007153,0.0,0.0,0.0,0.005725065944716334
unseen,ai_007_002,14,primary,Residual_A,0.10584505280810218,0.47402781722065607,0.9152055140848774,3.7123911935957707,0.0,0.9999999967840267,1.0,0.03493419097503647
unseen,ai_007_002,14,primary,Residual_B,0.09000588143260473,0.4789701481088438,0.5031229896761442,2.136981398165913,0.0615234375,0.9999999934138032,1.0,0.010961597028654069
unseen,ai_007_002,14,primary,Residual_shuffled,0.06345003589947197,0.49061751828124717,0.6108979953887291,2.6750533633153672,0.046826171875,0.9231491191894747,1.0,0.010424648004118353
unseen,ai_007_002,14,primary,Residual_zero,0.06814811800676661,0.49139441729887434,0.4502468309101554,1.2834754195831217,0.61640625,0.0,0.0,0.011898624012246728
unseen,ai_007_002,14,primary,Residual_channel_permutation,0.4388104175036452,0.0012852676519120815,1.0,3.9592576587007153,0.0,0.9999999967840267,1.0,0.011663334968034178
unseen,ai_007_002,15,primary,A,0.10088378846691841,0.3008163892329007,0.9952181236986501,3.6951238978114187,0.0,1.0,1.0,0.006431686982978135
unseen,ai_007_002,15,primary,B,0.10709325414309401,0.3888829839351889,0.9942679385576902,3.6917153674277285,0.0,0.999999991102959,1.0,0.005696260021068156
unseen,ai_007_002,15,primary,anchor,0.21071127605595324,0.3216650017907182,0.7851708976936947,2.9471724697674984,0.0,0.5580678302125307,1.0,0.0046697710058651865
unseen,ai_007_002,15,primary,wrong_scene,0.2979014558510045,0.19684934552000596,0.9378156005502907,3.4887543854694103,0.0,0.9796592997445259,1.0,0.00449574098456651
unseen,ai_007_002,15,primary,prior,0.07722773062043027,0.4382175654768406,0.38450394074880545,1.4120451751464107,0.19931640625,1.0,1.0,4.9290014430880547e-05
unseen,ai_007_002,15,primary,feature_shuffle,0.1619683023106495,0.38139955315734964,0.9618997241088341,3.588248491748381,0.0,0.8089087754357024,1.0,0.00639789697015658
unseen,ai_007_002,15,primary,channel_permutation,0.10088378846691841,0.3008163892329007,0.9952181236986501,3.6951238978114187,0.0,1.0,1.0,0.004719021962955594
unseen,ai_007_002,15,primary,state_mask,0.4204371856750555,0.0005650423204469267,1.0,3.7122304485718955,0.0,0.0,0.0,0.004644008993636817
unseen,ai_007_002,15,primary,Residual_A,0.2520254651792196,0.15264129810332566,5.202330635558761,18.77443978089389,0.0,1.0,1.0,0.013125856057740748
unseen,ai_007_002,15,primary,Residual_B,0.1848197109075141,0.2381304827308099,1.146453371202524,4.112999515416469,0.0,0.999999991102959,1.0,0.012230245978571475
unseen,ai_007_002,15,primary,Residual_shuffled,0.07115593063775802,0.4480169224706072,0.7458884975106148,2.7937656178462844,0.0,0.9796592997445259,1.0,0.011233198980335146
unseen,ai_007_002,15,primary,Residual_zero,0.1618813645489642,0.3742624372509899,0.4184829367219033,1.5381887334116389,0.184130859375,0.0,0.0,0.01148502400610596
unseen,ai_007_002,15,primary,Residual_channel_permutation,0.4204371856750555,0.0005650423204469267,1.0,3.7122304485718955,0.0,1.0,1.0,0.013210256991442293
unseen,ai_008_001,14,primary,A,0.11558531005869446,0.2862779637095111,0.7406760521423127,3.358436721304778,0.022216796875,0.9206363456411054,1.0,0.00499881204450503
unseen,ai_008_001,14,primary,B,0.08907008870938779,0.30913575578018343,0.7894371906528084,3.537229838513893,0.0,0.9245051066565793,1.0,0.004906475020106882
unseen,ai_008_001,14,primary,anchor,0.06305931561378893,0.3759984382769755,0.642020413782846,2.95814861382893,0.04580078125,0.6996075359202223,1.0,0.0051524099544622
unseen,ai_008_001,14,primary,wrong_scene,0.04992744494157313,0.42444752172711814,0.948111386988279,4.15849668400289,0.0,0.986293972065323,1.0,0.00428590300725773
unseen,ai_008_001,14,primary,prior,0.15450787661091947,0.2529362585104322,0.24190470605313466,1.051051438176501,0.715869140625,1.0,1.0,4.977098433300853e-05
unseen,ai_008_001,14,primary,feature_shuffle,0.07383320092865911,0.07411811224913369,0.9321362688209482,4.141574393879808,0.0560546875,0.12533869459682592,1.0,0.004813455976545811
unseen,ai_008_001,14,primary,channel_permutation,0.11558531005869446,0.2862779637095111,0.7406760521423127,3.358436721304778,0.022216796875,0.9206363456411054,1.0,0.004901857988443226
unseen,ai_008_001,14,primary,state_mask,0.07418280637957084,0.03408461088750303,1.0,4.36872905337347,0.0,0.0,0.0,0.004666658991482109
unseen,ai_008_001,14,primary,Residual_A,0.25783432170834003,0.2040091641343925,0.3869582956033229,1.8109468539002314,0.1052734375,0.9206363456411054,1.0,0.011767998046707362
unseen,ai_008_001,14,primary,Residual_B,0.2700664928963846,0.2034973179660944,0.40140124719232856,1.8564399952236763,0.055419921875,0.9245051066565793,1.0,0.010008065029978752
unseen,ai_008_001,14,primary,Residual_shuffled,0.04978879220315129,0.40129821257118764,0.672063795021584,3.0823380124646094,0.0224609375,0.986293972065323,1.0,0.01060761499684304
unseen,ai_008_001,14,primary,Residual_zero,0.5399734388263345,0.1654728841413156,0.7977005890290169,3.1139530701282703,0.0,0.0,0.0,0.013416219968348742
unseen,ai_008_001,14,primary,Residual_channel_permutation,0.23098856367065165,0.21259782794629214,0.4672500707410919,2.1834190704466687,0.1013671875,0.9206363456411054,1.0,0.013008331996388733
unseen,ai_008_001,15,primary,A,0.09303557372459283,0.255180094956283,0.7469449434360695,3.4204736289375193,0.000439453125,0.8231212498998502,1.0,0.0055439790012314916
unseen,ai_008_001,15,primary,B,0.07879984808686685,0.26925381884543464,0.7935857667869827,3.593249439391237,0.0,0.8699493425723631,1.0,0.005874491005670279
unseen,ai_008_001,15,primary,anchor,0.05370153122372985,0.36104458092049035,0.6973640722979713,3.2121153646821874,0.001220703125,0.5781913364335196,1.0,0.005910790991038084
unseen,ai_008_001,15,primary,wrong_scene,0.05706370242563909,0.33176458680240467,0.946565646293125,4.236224198681268,0.0,0.9993558485264658,1.0,0.006057111022528261
unseen,ai_008_001,15,primary,prior,0.13734191670649698,0.22020316377479604,0.20929657352875958,0.9650305419545534,0.6794921875,1.0,1.0,4.8273010179400444e-05
unseen,ai_008_001,15,primary,feature_shuffle,0.09701412769588212,0.027317211286576326,0.9999029556433718,4.461684442322015,0.0,0.00014115384287781,0.29775390625,0.00567141204373911
unseen,ai_008_001,15,primary,channel_permutation,0.09303557372459283,0.255180094956283,0.7469449434360695,3.4204736289375193,0.000439453125,0.8231212498998502,1.0,0.005220505991019309
unseen,ai_008_001,15,primary,state_mask,0.09704869747163496,0.027112255020913502,1.0,4.4620813935777095,0.0,0.0,0.0,0.006244506977964193
unseen,ai_008_001,15,primary,Residual_A,0.33259030733942324,0.16827734080159265,0.3377835203820586,1.7315669196936019,0.259130859375,0.8231212498998502,1.0,0.013201294001191854
unseen,ai_008_001,15,primary,Residual_B,0.2960118437291876,0.18015652339073673,0.4113625801189479,2.0691902157376063,0.170703125,0.8699493425723631,1.0,0.011026129010133445
unseen,ai_008_001,15,primary,Residual_shuffled,0.07056866667725906,0.27847479645309586,0.7363969393546184,3.37792917554511,0.001220703125,0.9993558485264658,1.0,0.011632134031970054
unseen,ai_008_001,15,primary,Residual_zero,0.30498440307894775,0.17064365442318777,0.317487587133348,1.3962445319110597,0.43896484375,0.0,0.0,0.012696555990260094
unseen,ai_008_001,15,primary,Residual_channel_permutation,0.2504059882224609,0.17314867413460938,0.407895517685051,1.98896161601502,0.161279296875,0.8231212498998502,1.0,0.012223918980453163
unseen,ai_009_001,14,primary,A,0.15221536433218857,0.0006788129844836976,1.0,13.26343958982883,0.0,0.0,0.0,0.006588554999325424
unseen,ai_009_001,14,primary,B,0.15221536433218857,0.0006788129844836976,1.0,13.26343958982883,0.0,0.0,0.0,0.004901715030428022
unseen,ai_009_001,14,primary,anchor,0.15221536433218857,0.0006788129844836976,1.0,13.26343958982883,0.0,0.0,0.0,0.004388880974147469
unseen,ai_009_001,14,primary,wrong_scene,0.15221536433218857,0.0006788129844836976,1.0,13.26343958982883,0.0,0.0,0.0,0.005295298004057258
unseen,ai_009_001,14,primary,prior,0.10820060212675031,0.10531502098562236,0.5353297005329307,9.582732141295661,0.171939477303989,1.0,1.0,4.5827997382730246e-05
unseen,ai_009_001,14,primary,feature_shuffle,0.15221536433218857,0.0006788129844836976,1.0,13.26343958982883,0.0,0.0,0.0,0.004249017045367509
unseen,ai_009_001,14,primary,channel_permutation,0.15221536433218857,0.0006788129844836976,1.0,13.26343958982883,0.0,0.0,0.0,0.004689547989983112
unseen,ai_009_001,14,primary,state_mask,0.15221536433218857,0.0006788129844836976,1.0,13.26343958982883,0.0,0.0,0.0,0.004247065982781351
unseen,ai_009_001,14,primary,Residual_A,0.15010015740504032,0.001693654168465862,0.771138549689965,7.884924047141305,0.16857710530337766,0.0,0.0,0.01165321801090613
unseen,ai_009_001,14,primary,Residual_B,0.15010015740504032,0.001693654168465862,0.771138549689965,7.884924047141305,0.16857710530337766,0.0,0.0,0.010695061006117612
unseen,ai_009_001,14,primary,Residual_shuffled,0.15010015740504032,0.001693654168465862,0.771138549689965,7.884924047141305,0.16857710530337766,0.0,0.0,0.009931739012245089
unseen,ai_009_001,14,primary,Residual_zero,0.15010015740504032,0.001693654168465862,0.771138549689965,7.884924047141305,0.16857710530337766,0.0,0.0,0.010343183996155858
unseen,ai_009_001,14,primary,Residual_channel_permutation,0.15010015740504032,0.001693654168465862,0.771138549689965,7.884924047141305,0.16857710530337766,0.0,0.0,0.009026871994137764
unseen,ai_009_001,15,primary,A,0.11365814635368306,0.0008826928106952217,1.0,12.055563822815214,0.0,0.0,0.0,0.006334421981591731
unseen,ai_009_001,15,primary,B,0.11365814635368306,0.0008826928106952217,1.0,12.055563822815214,0.0,0.0,0.0,0.004708010004833341
unseen,ai_009_001,15,primary,anchor,0.11365814635368306,0.0008826928106952217,1.0,12.055563822815214,0.0,0.0,0.0,0.004896074999123812
unseen,ai_009_001,15,primary,wrong_scene,0.11365814635368306,0.0008826928106952217,1.0,12.055563822815214,0.0,0.0,0.0,0.005079305963590741
unseen,ai_009_001,15,primary,prior,0.09458549220602519,0.17662520502150464,0.567252528311952,8.552945726569709,0.09653688319487538,1.0,1.0,9.00049926713109e-05
unseen,ai_009_001,15,primary,feature_shuffle,0.11365814635368306,0.0008826928106952217,1.0,12.055563822815214,0.0,0.0,0.0,0.004719183023553342
unseen,ai_009_001,15,primary,channel_permutation,0.11365814635368306,0.0008826928106952217,1.0,12.055563822815214,0.0,0.0,0.0,0.004900670028291643
unseen,ai_009_001,15,primary,state_mask,0.11365814635368306,0.0008826928106952217,1.0,12.055563822815214,0.0,0.0,0.0,0.0046065899659879506
unseen,ai_009_001,15,primary,Residual_A,0.11204698275490886,0.00422703566630883,1.1780367994849443,7.178428025166401,0.09408467620858772,0.0,0.0,0.012006586999632418
unseen,ai_009_001,15,primary,Residual_B,0.11204698275490886,0.00422703566630883,1.1780367994849443,7.178428025166401,0.09408467620858772,0.0,0.0,0.010651803982909769
unseen,ai_009_001,15,primary,Residual_shuffled,0.11204698275490886,0.00422703566630883,1.1780367994849443,7.178428025166401,0.09408467620858772,0.0,0.0,0.010365408030338585
unseen,ai_009_001,15,primary,Residual_zero,0.11204698275490886,0.00422703566630883,1.1780367994849443,7.178428025166401,0.09408467620858772,0.0,0.0,0.010926007991656661
unseen,ai_009_001,15,primary,Residual_channel_permutation,0.11204698275490886,0.00422703566630883,1.1780367994849443,7.178428025166401,0.09408467620858772,0.0,0.0,0.012805749021936208
unseen,ai_010_001,14,primary,A,0.1380826919689598,0.15033886800238908,0.7184613832407836,4.6484932846551255,0.0,0.973838689411059,1.0,0.0063242309843190014
unseen,ai_010_001,14,primary,B,0.20734425322808325,0.12994629807176075,0.5141979378994085,3.6590475570471823,0.19162877120923183,0.8330354411620646,1.0,0.005852898000739515
unseen,ai_010_001,14,primary,anchor,0.13543666134210336,0.1592240175745838,0.5446569909377864,3.7909036883028455,0.1791110459146252,0.57021404229381,1.0,0.005313416011631489
unseen,ai_010_001,14,primary,wrong_scene,0.15376005423463604,0.1468888299302033,0.7443954695101903,4.757784174107111,0.0020536893061463986,0.9999994106183294,1.0,0.00596655101981014
unseen,ai_010_001,14,primary,prior,0.1291323090678313,0.14999777722975308,0.7919200569832048,2.694899027630795,0.10747640702166153,1.0,1.0,8.913298370316625e-05
unseen,ai_010_001,14,primary,feature_shuffle,0.1252757306295703,0.15896988045183402,0.5093832204193585,3.729466234921603,0.17128746760549607,0.8375608557835221,1.0,0.004559102992061526
unseen,ai_010_001,14,primary,channel_permutation,0.1380826919689598,0.15033886800238908,0.7184613832407836,4.6484932846551255,0.0,0.973838689411059,1.0,0.0042904390138573945
unseen,ai_010_001,14,primary,state_mask,0.2433831062073778,0.03069913730499518,1.0,5.444571966023466,0.0,0.0,0.0,0.004168362007476389
unseen,ai_010_001,14,primary,Residual_A,0.1722290548364954,0.14573564572791528,0.6070688538659506,4.335565967098061,0.04518116473522077,0.973838689411059,1.0,0.01363781001418829
unseen,ai_010_001,14,primary,Residual_B,0.19911624088387553,0.12692245699742197,0.49295171571530505,3.343623017103888,0.21597965869639627,0.8330354411620646,1.0,0.01197632501134649
unseen,ai_010_001,14,primary,Residual_shuffled,0.18451835626314478,0.14394669455024692,0.5684040962405916,4.252300456796196,0.13309862598405947,0.9999994106183294,1.0,0.010674344026483595
unseen,ai_010_001,14,primary,Residual_zero,0.19738353100426212,0.11447045054812763,0.4196017896122716,3.309820351762938,0.25011001906997216,0.0,0.0,0.010093353979755193
unseen,ai_010_001,14,primary,Residual_channel_permutation,0.1484212567608852,0.1498461889400984,0.7656576799942201,4.68769554447226,0.0,0.973838689411059,1.0,0.011961543001234531
unseen,ai_010_001,15,primary,A,0.1779316648236198,0.14105795497350923,0.6442312209641561,3.7610345430717858,0.049462890625,0.9569961853383575,1.0,0.004362553998362273
unseen,ai_010_001,15,primary,B,0.2259835605497699,0.11870557229413696,0.5516625570603243,2.6940832371459638,0.123388671875,0.9291811857650828,1.0,0.004424648999702185
unseen,ai_010_001,15,primary,anchor,0.07362049324922543,0.202215353500228,0.4375797547194109,2.8507235344300366,0.18369140625,0.589573082778952,1.0,0.004267001990228891
unseen,ai_010_001,15,primary,wrong_scene,0.19374666893357234,0.14372548502150115,0.5478748166392841,3.4736277015915715,0.097021484375,0.995590871272725,1.0,0.004292965051718056
unseen,ai_010_001,15,primary,prior,0.1526253212276148,0.1453746314330794,0.6475467316032331,2.3311556661001682,0.45029296875,1.0,1.0,5.885603604838252e-05
unseen,ai_010_001,15,primary,feature_shuffle,0.12423702651126448,0.14017384644760914,0.5100989080457202,2.8916551766884955,0.139599609375,0.9081133727020643,1.0,0.004528296005446464
unseen,ai_010_001,15,primary,channel_permutation,0.1779316648236198,0.14105795497350923,0.6442312209641561,3.7610345430717858,0.049462890625,0.9569961853383575,1.0,0.0044534699991345406
unseen,ai_010_001,15,primary,state_mask,0.1244671350864425,0.09981695923598538,1.0,4.761778203822723,0.0,0.0,0.0,0.004439129959791899
unseen,ai_010_001,15,primary,Residual_A,0.2510329952787906,0.12992416569862456,0.7201640068327974,3.9514756805742737,0.0,0.9569961853383575,1.0,0.009353597997687757
unseen,ai_010_001,15,primary,Residual_B,0.29074826928243713,0.10010317381467058,0.5112064605174558,2.8083836478393165,0.152001953125,0.9291811857650828,1.0,0.009139453002717346
unseen,ai_010_001,15,primary,Residual_shuffled,0.2627952098407274,0.1287841513389877,0.5054776574140687,3.3549171878080593,0.16279296875,0.995590871272725,1.0,0.00922093098051846
unseen,ai_010_001,15,primary,Residual_zero,0.18198459023126928,0.150715929792093,0.6612846286703368,3.724442115077756,0.0,0.0,0.0,0.00898418202996254
unseen,ai_010_001,15,primary,Residual_channel_permutation,0.18707386524201802,0.14496647874881477,0.8668583475660345,4.31006319478133,0.0,0.9569961853383575,1.0,0.009066523984074593
unseen,ai_011_001,14,primary,A,0.08250436336147553,0.21117037855718926,0.8048843542075935,8.359852011234457,0.0,0.9995640051027295,1.0,0.004633740056306124
unseen,ai_011_001,14,primary,B,0.16458934397262545,0.19439969213435349,0.7887185971418907,8.281157637636163,0.00019663749877101564,0.9803668475418817,1.0,0.004163453006185591
unseen,ai_011_001,14,primary,anchor,0.2769960907611199,0.16278593727763593,0.6617513361339056,7.2630939376560955,9.831874938550782e-05,0.622281175426906,1.0,0.004094069008715451
unseen,ai_011_001,14,primary,wrong_scene,0.5294142431642441,0.003581600834665701,0.8509313639866468,8.846968960170225,0.023301543604365354,0.33594669270984184,0.38291015625,0.004197229980491102
unseen,ai_011_001,14,primary,prior,0.10776343546296524,0.215573161389168,0.4266783130886385,5.376825080196793,0.09625405564841215,1.0,1.0,6.215897155925632e-05
unseen,ai_011_001,14,primary,feature_shuffle,0.08150679796510137,0.21435226081759376,0.8601327352175737,8.758516319345494,0.0,0.9999927791388472,1.0,0.004517173045314848
unseen,ai_011_001,14,primary,channel_permutation,0.08250436336147553,0.21117037855718926,0.8048843542075935,8.359852011234457,0.0,0.9995640051027295,1.0,0.004487978992983699
unseen,ai_011_001,14,primary,state_mask,0.5347116549948112,0.00015186253703420782,1.0,9.755166929258271,0.0,0.0,0.0,0.0044573500053957105
unseen,ai_011_001,14,primary,Residual_A,0.0790940668563251,0.21816184343427197,0.8075263365823327,8.377523357306695,0.0,0.9995640051027295,1.0,0.0095244079711847
unseen,ai_011_001,14,primary,Residual_B,0.07691039163664243,0.2234701880049816,0.757596911301661,7.953199843457756,0.0,0.9803668475418817,1.0,0.009061727032531053
unseen,ai_011_001,14,primary,Residual_shuffled,0.15976794629195057,0.1388118858865693,0.8734022652978346,8.874632345366416,0.0,0.33594669270984184,0.38291015625,0.009170001954771578
unseen,ai_011_001,14,primary,Residual_zero,0.09970879226678137,0.21605705912498563,0.8130771512124975,8.361460420097334,0.0,0.0,0.0,0.008938920975197107
unseen,ai_011_001,14,primary,Residual_channel_permutation,0.2207392309968468,0.1478326400330428,0.9445486002527484,9.410573361685497,0.0,0.9995640051027295,1.0,0.008922468987293541
unseen,ai_011_001,15,primary,A,0.1290840052985561,0.15611725041660776,0.6540415884041236,7.371559623312584,0.03994140625,0.9997417634906014,1.0,0.004714394977781922
unseen,ai_011_001,15,primary,B,0.18874316991556206,0.14453155099939075,0.6548043053650772,7.410327529629524,0.0390625,0.9938896308216499,1.0,0.004320860025472939
unseen,ai_011_001,15,primary,anchor,0.290575079685172,0.12783717471131023,0.5993894588568333,6.855085485529492,0.063671875,0.6038027088405216,1.0,0.004376803000923246
unseen,ai_011_001,15,primary,wrong_scene,0.5274292239285814,0.009983936678454068,0.8153319533006222,8.858480833954644,0.03095703125,0.3009468889912559,0.56904296875,0.004265056981239468
unseen,ai_011_001,15,primary,prior,0.1154409665814397,0.17264298816963225,0.46814045554181155,5.445005471128321,0.10224609375,1.0,1.0,4.995602648705244e-05
unseen,ai_011_001,15,primary,feature_shuffle,0.1514313506585997,0.15369722270710048,0.7071797743735886,7.869132357320598,0.052734375,0.999976394357509,1.0,0.004242973984219134
unseen,ai_011_001,15,primary,channel_permutation,0.1290840052985561,0.15611725041660776,0.6540415884041236,7.371559623312584,0.03994140625,0.9997417634906014,1.0,0.004398836987093091
unseen,ai_011_001,15,primary,state_mask,0.5473695901398076,0.0003850161680778479,1.0,9.950546503079586,0.0,0.0,0.0,0.004411222005728632
unseen,ai_011_001,15,primary,Residual_A,0.1316521925138762,0.15476931395058374,0.6870952978299204,7.690357445061948,0.05458984375,0.9997417634906014,1.0,0.010311664023902267
unseen,ai_011_001,15,primary,Residual_B,0.16069576888812573,0.15037118305123426,0.6819115414600427,7.673571461258297,0.050048828125,0.9938896308216499,1.0,0.00989774102345109
unseen,ai_011_001,15,primary,Residual_shuffled,0.44272094805304085,0.03420080562912944,0.9206915890087876,9.673011283876114,0.0296875,0.3009468889912559,0.56904296875,0.011947210994549096
unseen,ai_011_001,15,primary,Residual_zero,0.41902983364915414,0.09367374407877807,1.0,9.950546503079586,0.0,0.0,0.0,0.012547334015835077
unseen,ai_011_001,15,primary,Residual_channel_permutation,0.22866649683266968,0.10645583533523198,0.8232934180782072,8.665620224558632,0.00126953125,0.9997417634906014,1.0,0.011821715044789016
